Date,Close,Sentiment
2012-01-03 00:00:00+00:00,12.4,0.0
2012-01-04 00:00:00+00:00,12.47,0.0
2012-01-05 00:00:00+00:00,12.61,0.0
2012-01-06 00:00:00+00:00,12.74,0.0
2012-01-09 00:00:00+00:00,12.72,0.0
2012-01-10 00:00:00+00:00,12.76,0.0
2012-01-11 00:00:00+00:00,12.74,0.0
2012-01-12 00:00:00+00:00,12.71,0.0
2012-01-13 00:00:00+00:00,12.66,0.0
2012-01-17 00:00:00+00:00,12.81,0.0
2012-01-18 00:00:00+00:00,12.94,0.0
2012-01-19 00:00:00+00:00,12.9,0.0
2012-01-20 00:00:00+00:00,12.68,0.0
2012-01-23 00:00:00+00:00,12.89,0.0
2012-01-24 00:00:00+00:00,12.68,0.0
2012-01-25 00:00:00+00:00,13.47,0.0
2012-01-26 00:00:00+00:00,13.41,0.0
2012-01-27 00:00:00+00:00,13.49,0.0
2012-01-30 00:00:00+00:00,13.66,0.0
2012-01-31 00:00:00+00:00,13.77,0.0
2012-02-01 00:00:00+00:00,13.76,0.0
2012-02-02 00:00:00+00:00,13.73,0.0
2012-02-03 00:00:00+00:00,13.86,0.0
2012-02-06 00:00:00+00:00,13.99,0.0
2012-02-07 00:00:00+00:00,14.14,0.0
2012-02-08 00:00:00+00:00,14.38,0.0
2012-02-09 00:00:00+00:00,14.87,0.0
2012-02-10 00:00:00+00:00,14.88,0.0
2012-02-13 00:00:00+00:00,15.16,0.0
2012-02-14 00:00:00+00:00,15.37,0.0
2012-02-15 00:00:00+00:00,15.01,0.0
2012-02-16 00:00:00+00:00,15.15,0.0
2012-02-17 00:00:00+00:00,15.14,0.0
2012-02-21 00:00:00+00:00,15.53,0.0
2012-02-22 00:00:00+00:00,15.47,0.0
2012-02-23 00:00:00+00:00,15.57,0.0
2012-02-24 00:00:00+00:00,15.76,0.0
2012-02-27 00:00:00+00:00,15.86,0.0
2012-02-28 00:00:00+00:00,16.15,0.0
2012-02-29 00:00:00+00:00,16.36,0.0
2012-03-01 00:00:00+00:00,16.42,0.0
2012-03-02 00:00:00+00:00,16.44,0.0
2012-03-05 00:00:00+00:00,16.08,0.0
2012-03-06 00:00:00+00:00,15.99,0.0
2012-03-07 00:00:00+00:00,16.01,0.0
2012-03-08 00:00:00+00:00,16.35,0.0
2012-03-09 00:00:00+00:00,16.44,0.0
2012-03-12 00:00:00+00:00,16.65,0.0
2012-03-13 00:00:00+00:00,17.13,0.0
2012-03-14 00:00:00+00:00,17.78,0.0
2012-03-15 00:00:00+00:00,17.66,0.0
2012-03-16 00:00:00+00:00,17.66,0.0
2012-03-19 00:00:00+00:00,18.13,0.0
2012-03-20 00:00:00+00:00,18.28,0.0
2012-03-21 00:00:00+00:00,18.17,0.0
2012-03-22 00:00:00+00:00,18.08,0.0
2012-03-23 00:00:00+00:00,17.98,0.0
2012-03-26 00:00:00+00:00,18.31,0.0
2012-03-27 00:00:00+00:00,18.53,0.0
2012-03-28 00:00:00+00:00,18.63,0.0
2012-03-29 00:00:00+00:00,18.39,0.0
2012-03-30 00:00:00+00:00,18.08,0.0
2012-04-02 00:00:00+00:00,18.66,0.0
2012-04-03 00:00:00+00:00,18.98,0.0
2012-04-04 00:00:00+00:00,18.83,0.0
2012-04-05 00:00:00+00:00,19.11,0.0
2012-04-09 00:00:00+00:00,19.19,0.0
2012-04-10 00:00:00+00:00,18.95,0.0
2012-04-11 00:00:00+00:00,18.89,0.0
2012-04-12 00:00:00+00:00,18.78,0.0
2012-04-13 00:00:00+00:00,18.25,0.0
2012-04-16 00:00:00+00:00,17.5,0.0
2012-04-17 00:00:00+00:00,18.39,0.0
2012-04-18 00:00:00+00:00,18.35,0.0
2012-04-19 00:00:00+00:00,17.72,0.0
2012-04-20 00:00:00+00:00,17.28,0.0
2012-04-23 00:00:00+00:00,17.24,0.0
2012-04-24 00:00:00+00:00,16.9,0.0
2012-04-25 00:00:00+00:00,18.4,0.0
2012-04-26 00:00:00+00:00,18.33,0.0
2012-04-27 00:00:00+00:00,18.19,0.0
2012-04-30 00:00:00+00:00,17.61,0.0
2012-05-01 00:00:00+00:00,17.56,0.0
2012-05-02 00:00:00+00:00,17.67,0.0
2012-05-03 00:00:00+00:00,17.55,0.0
2012-05-04 00:00:00+00:00,17.05,0.0
2012-05-07 00:00:00+00:00,17.18,0.0
2012-05-08 00:00:00+00:00,17.14,0.0
2012-05-09 00:00:00+00:00,17.17,0.0
2012-05-10 00:00:00+00:00,17.21,0.0
2012-05-11 00:00:00+00:00,17.09,0.0
2012-05-14 00:00:00+00:00,16.84,0.0
2012-05-15 00:00:00+00:00,16.68,0.0
2012-05-16 00:00:00+00:00,16.47,0.0
2012-05-17 00:00:00+00:00,15.99,0.0
2012-05-18 00:00:00+00:00,16.0,0.0
2012-05-21 00:00:00+00:00,16.93,0.0
2012-05-22 00:00:00+00:00,16.8,0.0
2012-05-23 00:00:00+00:00,17.21,0.0
2012-05-24 00:00:00+00:00,17.05,0.0
2012-05-25 00:00:00+00:00,16.96,0.0
2012-05-29 00:00:00+00:00,17.26,0.0
2012-05-30 00:00:00+00:00,17.47,0.0
2012-05-31 00:00:00+00:00,17.42,0.0
2012-06-01 00:00:00+00:00,16.92,0.0
2012-06-04 00:00:00+00:00,17.02,0.0
2012-06-05 00:00:00+00:00,16.97,0.0
2012-06-06 00:00:00+00:00,17.24,0.0
2012-06-07 00:00:00+00:00,17.24,0.0
2012-06-08 00:00:00+00:00,17.5,0.0
2012-06-11 00:00:00+00:00,17.23,0.0
2012-06-12 00:00:00+00:00,17.38,0.0
2012-06-13 00:00:00+00:00,17.26,0.0
2012-06-14 00:00:00+00:00,17.24,0.0
2012-06-15 00:00:00+00:00,17.32,0.0
2012-06-18 00:00:00+00:00,17.67,0.0
2012-06-19 00:00:00+00:00,17.72,0.0
2012-06-20 00:00:00+00:00,17.67,0.0
2012-06-21 00:00:00+00:00,17.42,0.0
2012-06-22 00:00:00+00:00,17.56,0.0
2012-06-25 00:00:00+00:00,17.21,0.0
2012-06-26 00:00:00+00:00,17.25,0.0
2012-06-27 00:00:00+00:00,17.33,0.0
2012-06-28 00:00:00+00:00,17.16,0.0
2012-06-29 00:00:00+00:00,17.61,0.0
2012-07-02 00:00:00+00:00,17.87,0.0
2012-07-03 00:00:00+00:00,18.08,0.0
2012-07-05 00:00:00+00:00,18.4,0.0
2012-07-06 00:00:00+00:00,18.27,0.0
2012-07-09 00:00:00+00:00,18.51,0.0
2012-07-10 00:00:00+00:00,18.34,0.0
2012-07-11 00:00:00+00:00,18.23,0.0
2012-07-12 00:00:00+00:00,18.06,0.0
2012-07-13 00:00:00+00:00,18.25,0.0
2012-07-16 00:00:00+00:00,18.3,0.0
2012-07-17 00:00:00+00:00,18.31,0.0
2012-07-18 00:00:00+00:00,18.28,0.0
2012-07-19 00:00:00+00:00,18.53,0.0
2012-07-20 00:00:00+00:00,18.23,0.0
2012-07-23 00:00:00+00:00,18.21,0.0
2012-07-24 00:00:00+00:00,18.12,0.0
2012-07-25 00:00:00+00:00,17.34,0.0
2012-07-26 00:00:00+00:00,17.34,0.0
2012-07-27 00:00:00+00:00,17.65,0.0
2012-07-30 00:00:00+00:00,17.95,0.0
2012-07-31 00:00:00+00:00,18.42,0.0
2012-08-01 00:00:00+00:00,18.3,0.0
2012-08-02 00:00:00+00:00,18.33,0.0
2012-08-03 00:00:00+00:00,18.57,0.0
2012-08-06 00:00:00+00:00,18.78,0.0
2012-08-07 00:00:00+00:00,18.73,0.0
2012-08-08 00:00:00+00:00,18.69,0.0
2012-08-09 00:00:00+00:00,18.8,0.0
2012-08-10 00:00:00+00:00,18.83,0.0
2012-08-13 00:00:00+00:00,19.08,0.0
2012-08-14 00:00:00+00:00,19.13,0.0
2012-08-15 00:00:00+00:00,19.11,0.0
2012-08-16 00:00:00+00:00,19.27,0.0
2012-08-17 00:00:00+00:00,19.63,0.0
2012-08-20 00:00:00+00:00,20.15,0.0
2012-08-21 00:00:00+00:00,19.87,0.0
2012-08-22 00:00:00+00:00,20.26,0.0
2012-08-23 00:00:00+00:00,20.07,0.0
2012-08-24 00:00:00+00:00,20.09,0.0
2012-08-27 00:00:00+00:00,20.47,0.0
2012-08-28 00:00:00+00:00,20.44,0.0
2012-08-29 00:00:00+00:00,20.4,0.0
2012-08-30 00:00:00+00:00,20.11,0.0
2012-08-31 00:00:00+00:00,20.15,0.0
2012-09-04 00:00:00+00:00,20.44,0.0
2012-09-05 00:00:00+00:00,20.3,0.0
2012-09-06 00:00:00+00:00,20.48,0.0
2012-09-07 00:00:00+00:00,20.61,0.0
2012-09-10 00:00:00+00:00,20.07,0.0
2012-09-11 00:00:00+00:00,20.01,0.0
2012-09-12 00:00:00+00:00,20.29,0.0
2012-09-13 00:00:00+00:00,20.69,0.0
2012-09-14 00:00:00+00:00,20.94,0.0
2012-09-17 00:00:00+00:00,21.2,0.0
2012-09-18 00:00:00+00:00,21.26,0.0
2012-09-19 00:00:00+00:00,21.27,0.0
2012-09-20 00:00:00+00:00,21.16,0.0
2012-09-21 00:00:00+00:00,21.21,0.0
2012-09-24 00:00:00+00:00,20.92,0.0
2012-09-25 00:00:00+00:00,20.4,0.0
2012-09-26 00:00:00+00:00,20.15,0.0
2012-09-27 00:00:00+00:00,20.64,0.0
2012-09-28 00:00:00+00:00,20.21,0.0
2012-10-01 00:00:00+00:00,19.97,0.0
2012-10-02 00:00:00+00:00,20.03,0.0
2012-10-03 00:00:00+00:00,20.34,0.0
2012-10-04 00:00:00+00:00,20.2,0.0
2012-10-05 00:00:00+00:00,19.77,0.0
2012-10-08 00:00:00+00:00,19.33,0.0
2012-10-09 00:00:00+00:00,19.26,0.0
2012-10-10 00:00:00+00:00,19.41,0.0
2012-10-11 00:00:00+00:00,19.02,0.0
2012-10-12 00:00:00+00:00,19.07,0.0
2012-10-15 00:00:00+00:00,19.23,0.0
2012-10-16 00:00:00+00:00,19.68,0.0
2012-10-17 00:00:00+00:00,19.52,0.0
2012-10-18 00:00:00+00:00,19.16,0.0
2012-10-19 00:00:00+00:00,18.47,0.0
2012-10-22 00:00:00+00:00,19.2,0.0
2012-10-23 00:00:00+00:00,18.58,0.0
2012-10-24 00:00:00+00:00,18.68,0.0
2012-10-25 00:00:00+00:00,18.46,0.0
2012-10-26 00:00:00+00:00,18.29,0.0
2012-10-31 00:00:00+00:00,18.03,0.0
2012-11-01 00:00:00+00:00,18.07,0.0
2012-11-02 00:00:00+00:00,17.47,0.0
2012-11-05 00:00:00+00:00,17.71,0.0
2012-11-06 00:00:00+00:00,17.65,0.0
2012-11-07 00:00:00+00:00,16.98,0.0
2012-11-08 00:00:00+00:00,16.36,0.0
2012-11-09 00:00:00+00:00,16.65,0.0
2012-11-12 00:00:00+00:00,16.52,0.0
2012-11-13 00:00:00+00:00,16.52,0.0
2012-11-14 00:00:00+00:00,16.34,0.0
2012-11-15 00:00:00+00:00,15.99,0.0
2012-11-16 00:00:00+00:00,16.06,0.0
2012-11-19 00:00:00+00:00,17.21,0.0
2012-11-20 00:00:00+00:00,17.07,0.0
2012-11-21 00:00:00+00:00,17.09,0.0
2012-11-23 00:00:00+00:00,17.39,0.0
2012-11-26 00:00:00+00:00,17.94,0.0
2012-11-27 00:00:00+00:00,17.79,0.0
2012-11-28 00:00:00+00:00,17.74,0.0
2012-11-29 00:00:00+00:00,17.93,0.0
2012-11-30 00:00:00+00:00,17.81,0.0
2012-12-03 00:00:00+00:00,17.84,0.0
2012-12-04 00:00:00+00:00,17.52,0.0
2012-12-05 00:00:00+00:00,16.39,0.0
2012-12-06 00:00:00+00:00,16.65,0.0
2012-12-07 00:00:00+00:00,16.23,0.0
2012-12-10 00:00:00+00:00,16.12,0.0
2012-12-11 00:00:00+00:00,16.47,0.0
2012-12-12 00:00:00+00:00,16.4,0.0
2012-12-13 00:00:00+00:00,16.12,0.0
2012-12-14 00:00:00+00:00,15.51,0.0
2012-12-17 00:00:00+00:00,15.79,0.0
2012-12-18 00:00:00+00:00,16.25,0.0
2012-12-19 00:00:00+00:00,16.01,0.0
2012-12-20 00:00:00+00:00,15.88,0.0
2012-12-21 00:00:00+00:00,15.8,0.0
2012-12-24 00:00:00+00:00,15.83,0.0
2012-12-26 00:00:00+00:00,15.61,0.0
2012-12-27 00:00:00+00:00,15.67,0.0
2012-12-28 00:00:00+00:00,15.51,0.0
2012-12-31 00:00:00+00:00,16.19,0.0
2013-01-02 00:00:00+00:00,16.71,0.0
2013-01-03 00:00:00+00:00,16.49,0.0
2013-01-04 00:00:00+00:00,16.04,0.0
2013-01-07 00:00:00+00:00,15.94,0.0
2013-01-08 00:00:00+00:00,15.98,0.0
2013-01-09 00:00:00+00:00,15.73,0.0
2013-01-10 00:00:00+00:00,15.93,0.0
2013-01-11 00:00:00+00:00,15.83,0.0
2013-01-14 00:00:00+00:00,15.27,0.0
2013-01-15 00:00:00+00:00,14.79,0.0
2013-01-16 00:00:00+00:00,15.4,0.0
2013-01-17 00:00:00+00:00,15.3,0.0
2013-01-18 00:00:00+00:00,15.21,0.0
2013-01-22 00:00:00+00:00,15.36,0.0
2013-01-23 00:00:00+00:00,15.64,0.0
2013-01-24 00:00:00+00:00,13.71,0.0
2013-01-25 00:00:00+00:00,13.38,0.0
2013-01-28 00:00:00+00:00,13.69,0.0
2013-01-29 00:00:00+00:00,13.94,0.0
2013-01-30 00:00:00+00:00,13.9,0.0
2013-01-31 00:00:00+00:00,13.86,0.0
2013-02-01 00:00:00+00:00,13.8,0.0
2013-02-04 00:00:00+00:00,13.46,0.0
2013-02-05 00:00:00+00:00,13.93,0.0
2013-02-06 00:00:00+00:00,13.92,0.0
2013-02-07 00:00:00+00:00,14.33,0.0
2013-02-08 00:00:00+00:00,14.54,0.0
2013-02-11 00:00:00+00:00,14.69,0.0
2013-02-12 00:00:00+00:00,14.32,0.0
2013-02-13 00:00:00+00:00,14.29,0.0
2013-02-14 00:00:00+00:00,14.28,0.0
2013-02-15 00:00:00+00:00,14.08,0.0
2013-02-19 00:00:00+00:00,14.08,0.0
2013-02-20 00:00:00+00:00,13.74,0.0
2013-02-21 00:00:00+00:00,13.65,0.0
2013-02-22 00:00:00+00:00,13.8,0.0
2013-02-25 00:00:00+00:00,13.55,0.0
2013-02-26 00:00:00+00:00,13.74,0.0
2013-02-27 00:00:00+00:00,13.61,0.0
2013-02-28 00:00:00+00:00,13.51,0.0
2013-03-01 00:00:00+00:00,13.17,0.0
2013-03-04 00:00:00+00:00,12.86,0.0
2013-03-05 00:00:00+00:00,13.2,0.0
2013-03-06 00:00:00+00:00,13.03,0.0
2013-03-07 00:00:00+00:00,13.18,0.0
2013-03-08 00:00:00+00:00,13.21,0.0
2013-03-11 00:00:00+00:00,13.4,0.0
2013-03-12 00:00:00+00:00,13.11,0.0
2013-03-13 00:00:00+00:00,13.11,0.0
2013-03-14 00:00:00+00:00,13.24,0.0
2013-03-15 00:00:00+00:00,13.58,0.0
2013-03-18 00:00:00+00:00,13.95,0.0
2013-03-19 00:00:00+00:00,13.91,0.0
2013-03-20 00:00:00+00:00,13.84,0.0
2013-03-21 00:00:00+00:00,13.86,0.0
2013-03-22 00:00:00+00:00,14.14,0.0
2013-03-25 00:00:00+00:00,14.19,0.0
2013-03-26 00:00:00+00:00,14.11,0.0
2013-03-27 00:00:00+00:00,13.84,0.0
2013-03-28 00:00:00+00:00,13.55,0.0
2013-04-01 00:00:00+00:00,13.13,0.0
2013-04-02 00:00:00+00:00,13.15,0.0
2013-04-03 00:00:00+00:00,13.22,0.0
2013-04-04 00:00:00+00:00,13.09,0.0
2013-04-05 00:00:00+00:00,12.95,0.0
2013-04-08 00:00:00+00:00,13.04,0.0
2013-04-09 00:00:00+00:00,13.07,0.0
2013-04-10 00:00:00+00:00,13.33,0.0
2013-04-11 00:00:00+00:00,13.29,0.0
2013-04-12 00:00:00+00:00,13.15,0.0
2013-04-15 00:00:00+00:00,12.85,0.0
2013-04-16 00:00:00+00:00,13.05,0.0
2013-04-17 00:00:00+00:00,12.33,0.0
2013-04-18 00:00:00+00:00,12.0,0.0
2013-04-19 00:00:00+00:00,11.95,0.0
2013-04-22 00:00:00+00:00,12.2,0.0
2013-04-23 00:00:00+00:00,12.43,0.0
2013-04-24 00:00:00+00:00,12.41,0.0
2013-04-25 00:00:00+00:00,12.5,0.0
2013-04-26 00:00:00+00:00,12.77,0.0
2013-04-29 00:00:00+00:00,13.16,0.0
2013-04-30 00:00:00+00:00,13.55,0.0
2013-05-01 00:00:00+00:00,13.44,0.0
2013-05-02 00:00:00+00:00,13.64,0.0
2013-05-03 00:00:00+00:00,13.77,0.0
2013-05-06 00:00:00+00:00,14.1,0.0
2013-05-07 00:00:00+00:00,14.04,0.0
2013-05-08 00:00:00+00:00,14.2,0.0
2013-05-09 00:00:00+00:00,14.07,0.0
2013-05-10 00:00:00+00:00,13.95,0.0
2013-05-13 00:00:00+00:00,14.01,0.0
2013-05-14 00:00:00+00:00,13.67,0.0
2013-05-15 00:00:00+00:00,13.21,0.0
2013-05-16 00:00:00+00:00,13.39,0.0
2013-05-17 00:00:00+00:00,13.35,0.0
2013-05-20 00:00:00+00:00,13.65,0.0
2013-05-21 00:00:00+00:00,13.54,0.0
2013-05-22 00:00:00+00:00,13.6,0.0
2013-05-23 00:00:00+00:00,13.62,0.0
2013-05-24 00:00:00+00:00,13.71,0.0
2013-05-28 00:00:00+00:00,13.6,0.0
2013-05-29 00:00:00+00:00,13.71,0.0
2013-05-30 00:00:00+00:00,13.91,0.0
2013-05-31 00:00:00+00:00,13.86,0.0
2013-06-03 00:00:00+00:00,13.89,0.0
2013-06-04 00:00:00+00:00,13.84,0.0
2013-06-05 00:00:00+00:00,13.71,0.0
2013-06-06 00:00:00+00:00,13.51,0.0
2013-06-07 00:00:00+00:00,13.61,0.0
2013-06-10 00:00:00+00:00,13.52,0.0
2013-06-11 00:00:00+00:00,13.48,0.0
2013-06-12 00:00:00+00:00,13.31,0.0
2013-06-13 00:00:00+00:00,13.43,0.0
2013-06-14 00:00:00+00:00,13.25,0.0
2013-06-17 00:00:00+00:00,13.31,0.0
2013-06-18 00:00:00+00:00,13.3,0.0
2013-06-19 00:00:00+00:00,13.03,0.0
2013-06-20 00:00:00+00:00,12.84,0.0
2013-06-21 00:00:00+00:00,12.74,0.0
2013-06-24 00:00:00+00:00,12.4,0.0
2013-06-25 00:00:00+00:00,12.4,0.0
2013-06-26 00:00:00+00:00,12.26,0.0
2013-06-27 00:00:00+00:00,12.13,0.0
2013-06-28 00:00:00+00:00,12.22,0.0
2013-07-01 00:00:00+00:00,12.61,0.0
2013-07-02 00:00:00+00:00,12.89,0.0
2013-07-03 00:00:00+00:00,12.96,0.0
2013-07-05 00:00:00+00:00,12.86,0.0
2013-07-08 00:00:00+00:00,12.79,0.0
2013-07-09 00:00:00+00:00,13.01,0.0
2013-07-10 00:00:00+00:00,12.96,0.0
2013-07-11 00:00:00+00:00,13.16,0.0
2013-07-12 00:00:00+00:00,13.14,0.0
2013-07-15 00:00:00+00:00,13.17,0.0
2013-07-16 00:00:00+00:00,13.25,0.0
2013-07-17 00:00:00+00:00,13.26,0.0
2013-07-18 00:00:00+00:00,13.3,0.0
2013-07-19 00:00:00+00:00,13.09,0.0
2013-07-22 00:00:00+00:00,13.13,0.0
2013-07-23 00:00:00+00:00,12.91,0.0
2013-07-24 00:00:00+00:00,13.57,0.0
2013-07-25 00:00:00+00:00,13.51,0.0
2013-07-26 00:00:00+00:00,13.59,0.0
2013-07-29 00:00:00+00:00,13.8,0.0
2013-07-30 00:00:00+00:00,13.97,0.0
2013-07-31 00:00:00+00:00,13.94,0.0
2013-08-01 00:00:00+00:00,14.07,0.0
2013-08-02 00:00:00+00:00,14.25,0.0
2013-08-05 00:00:00+00:00,14.46,0.0
2013-08-06 00:00:00+00:00,14.33,0.0
2013-08-07 00:00:00+00:00,14.32,0.0
2013-08-08 00:00:00+00:00,14.3,0.0
2013-08-09 00:00:00+00:00,14.09,0.0
2013-08-12 00:00:00+00:00,14.49,0.0
2013-08-13 00:00:00+00:00,15.18,0.0
2013-08-14 00:00:00+00:00,15.46,0.0
2013-08-15 00:00:00+00:00,15.44,0.0
2013-08-16 00:00:00+00:00,15.58,0.0
2013-08-19 00:00:00+00:00,15.75,0.0
2013-08-20 00:00:00+00:00,15.54,0.0
2013-08-21 00:00:00+00:00,15.58,0.0
2013-08-22 00:00:00+00:00,15.6,0.0
2013-08-23 00:00:00+00:00,15.54,0.0
2013-08-26 00:00:00+00:00,15.6,0.0
2013-08-27 00:00:00+00:00,15.15,0.0
2013-08-28 00:00:00+00:00,15.22,0.0
2013-08-29 00:00:00+00:00,15.25,0.0
2013-08-30 00:00:00+00:00,15.11,0.0
2013-09-03 00:00:00+00:00,15.15,0.0
2013-09-04 00:00:00+00:00,15.46,0.0
2013-09-05 00:00:00+00:00,15.36,0.0
2013-09-06 00:00:00+00:00,15.45,0.0
2013-09-09 00:00:00+00:00,15.7,0.0
2013-09-10 00:00:00+00:00,15.34,0.0
2013-09-11 00:00:00+00:00,14.5,0.0
2013-09-12 00:00:00+00:00,14.66,0.0
2013-09-13 00:00:00+00:00,14.42,0.0
2013-09-16 00:00:00+00:00,13.96,0.0
2013-09-17 00:00:00+00:00,14.12,0.0
2013-09-18 00:00:00+00:00,14.41,0.0
2013-09-19 00:00:00+00:00,14.65,0.0
2013-09-20 00:00:00+00:00,14.49,0.0
2013-09-23 00:00:00+00:00,15.22,0.0
2013-09-24 00:00:00+00:00,15.17,0.0
2013-09-25 00:00:00+00:00,14.93,0.0
2013-09-26 00:00:00+00:00,15.08,0.0
2013-09-27 00:00:00+00:00,14.97,0.0
2013-09-30 00:00:00+00:00,14.78,0.0
2013-10-01 00:00:00+00:00,15.13,0.0
2013-10-02 00:00:00+00:00,15.18,0.0
2013-10-03 00:00:00+00:00,14.99,0.0
2013-10-04 00:00:00+00:00,14.98,0.0
2013-10-07 00:00:00+00:00,15.13,0.0
2013-10-08 00:00:00+00:00,14.91,0.0
2013-10-09 00:00:00+00:00,15.09,0.0
2013-10-10 00:00:00+00:00,15.18,0.0
2013-10-11 00:00:00+00:00,15.28,0.0
2013-10-14 00:00:00+00:00,15.38,0.0
2013-10-15 00:00:00+00:00,15.46,0.0
2013-10-16 00:00:00+00:00,15.54,0.0
2013-10-17 00:00:00+00:00,15.65,0.0
2013-10-18 00:00:00+00:00,15.78,0.0
2013-10-21 00:00:00+00:00,16.17,0.0
2013-10-22 00:00:00+00:00,16.12,0.0
2013-10-23 00:00:00+00:00,16.28,0.0
2013-10-24 00:00:00+00:00,16.5,0.0
2013-10-25 00:00:00+00:00,16.31,0.0
2013-10-28 00:00:00+00:00,16.43,0.0
2013-10-29 00:00:00+00:00,16.02,0.0
2013-10-30 00:00:00+00:00,16.28,0.0
2013-10-31 00:00:00+00:00,16.21,0.0
2013-11-01 00:00:00+00:00,16.13,0.0
2013-11-04 00:00:00+00:00,16.34,0.0
2013-11-05 00:00:00+00:00,16.29,0.0
2013-11-06 00:00:00+00:00,16.25,0.0
2013-11-07 00:00:00+00:00,15.99,0.0
2013-11-08 00:00:00+00:00,16.24,0.0
2013-11-11 00:00:00+00:00,16.19,0.0
2013-11-12 00:00:00+00:00,16.22,0.0
2013-11-13 00:00:00+00:00,16.24,0.0
2013-11-14 00:00:00+00:00,16.47,0.0
2013-11-15 00:00:00+00:00,16.38,0.0
2013-11-18 00:00:00+00:00,16.18,0.0
2013-11-19 00:00:00+00:00,16.21,0.0
2013-11-20 00:00:00+00:00,16.06,0.0
2013-11-21 00:00:00+00:00,16.26,0.0
2013-11-22 00:00:00+00:00,16.21,0.0
2013-11-25 00:00:00+00:00,16.34,0.0
2013-11-26 00:00:00+00:00,16.64,0.0
2013-11-27 00:00:00+00:00,17.03,0.0
2013-11-29 00:00:00+00:00,17.34,0.0
2013-12-02 00:00:00+00:00,17.19,0.0
2013-12-03 00:00:00+00:00,17.66,0.0
2013-12-04 00:00:00+00:00,17.62,0.0
2013-12-05 00:00:00+00:00,17.71,0.0
2013-12-06 00:00:00+00:00,17.47,0.0
2013-12-09 00:00:00+00:00,17.67,0.0
2013-12-10 00:00:00+00:00,17.64,0.0
2013-12-11 00:00:00+00:00,17.51,0.0
2013-12-12 00:00:00+00:00,17.48,0.0
2013-12-13 00:00:00+00:00,17.29,0.0
2013-12-16 00:00:00+00:00,17.39,0.0
2013-12-17 00:00:00+00:00,17.31,0.0
2013-12-18 00:00:00+00:00,17.18,0.0
2013-12-19 00:00:00+00:00,16.98,0.0
2013-12-20 00:00:00+00:00,17.13,0.0
2013-12-23 00:00:00+00:00,17.78,0.0
2013-12-24 00:00:00+00:00,17.71,0.0
2013-12-26 00:00:00+00:00,17.59,0.0
2013-12-27 00:00:00+00:00,17.47,0.0
2013-12-30 00:00:00+00:00,17.3,0.0
2013-12-31 00:00:00+00:00,17.5,0.0
2014-01-02 00:00:00+00:00,17.25,0.0
2014-01-03 00:00:00+00:00,16.87,0.0
2014-01-06 00:00:00+00:00,16.97,0.0
2014-01-07 00:00:00+00:00,16.84,0.0
2014-01-08 00:00:00+00:00,16.95,0.0
2014-01-09 00:00:00+00:00,16.74,0.0
2014-01-10 00:00:00+00:00,16.62,0.0
2014-01-13 00:00:00+00:00,16.71,0.0
2014-01-14 00:00:00+00:00,17.04,0.0
2014-01-15 00:00:00+00:00,17.39,0.0
2014-01-16 00:00:00+00:00,17.29,0.0
2014-01-17 00:00:00+00:00,16.86,0.0
2014-01-21 00:00:00+00:00,17.13,0.0
2014-01-22 00:00:00+00:00,17.2,0.0
2014-01-23 00:00:00+00:00,17.35,0.0
2014-01-24 00:00:00+00:00,17.03,0.0
2014-01-27 00:00:00+00:00,17.17,0.0
2014-01-28 00:00:00+00:00,15.8,0.0
2014-01-29 00:00:00+00:00,15.62,0.0
2014-01-30 00:00:00+00:00,15.59,0.0
2014-01-31 00:00:00+00:00,15.61,0.0
2014-02-03 00:00:00+00:00,15.64,0.0
2014-02-04 00:00:00+00:00,15.87,0.0
2014-02-05 00:00:00+00:00,15.99,0.0
2014-02-06 00:00:00+00:00,16.08,0.0
2014-02-07 00:00:00+00:00,16.31,0.0
2014-02-10 00:00:00+00:00,16.6,0.0
2014-02-11 00:00:00+00:00,16.82,0.0
2014-02-12 00:00:00+00:00,16.82,0.0
2014-02-13 00:00:00+00:00,17.08,0.0
2014-02-14 00:00:00+00:00,17.07,0.0
2014-02-18 00:00:00+00:00,17.13,0.0
2014-02-19 00:00:00+00:00,16.86,0.0
2014-02-20 00:00:00+00:00,16.67,0.0
2014-02-21 00:00:00+00:00,16.48,0.0
2014-02-24 00:00:00+00:00,16.55,0.0
2014-02-25 00:00:00+00:00,16.38,0.0
2014-02-26 00:00:00+00:00,16.23,0.0
2014-02-27 00:00:00+00:00,16.56,0.0
2014-02-28 00:00:00+00:00,16.51,0.0
2014-03-03 00:00:00+00:00,16.56,0.0
2014-03-04 00:00:00+00:00,16.67,0.0
2014-03-05 00:00:00+00:00,16.7,0.0
2014-03-06 00:00:00+00:00,16.65,0.0
2014-03-07 00:00:00+00:00,16.64,0.0
2014-03-10 00:00:00+00:00,16.66,0.0
2014-03-11 00:00:00+00:00,16.82,0.0
2014-03-12 00:00:00+00:00,16.84,0.0
2014-03-13 00:00:00+00:00,16.65,0.0
2014-03-14 00:00:00+00:00,16.46,0.0
2014-03-17 00:00:00+00:00,16.53,0.0
2014-03-18 00:00:00+00:00,16.67,0.0
2014-03-19 00:00:00+00:00,16.67,0.0
2014-03-20 00:00:00+00:00,16.59,0.0
2014-03-21 00:00:00+00:00,16.72,0.0
2014-03-24 00:00:00+00:00,16.92,0.0
2014-03-25 00:00:00+00:00,17.1,0.0
2014-03-26 00:00:00+00:00,16.94,0.0
2014-03-27 00:00:00+00:00,16.86,0.0
2014-03-28 00:00:00+00:00,16.85,0.0
2014-03-31 00:00:00+00:00,16.84,0.0
2014-04-01 00:00:00+00:00,17.0,0.0
2014-04-02 00:00:00+00:00,17.02,0.0
2014-04-03 00:00:00+00:00,16.91,0.0
2014-04-04 00:00:00+00:00,16.69,0.0
2014-04-07 00:00:00+00:00,16.43,0.0
2014-04-08 00:00:00+00:00,16.42,0.0
2014-04-09 00:00:00+00:00,16.64,0.0
2014-04-10 00:00:00+00:00,16.43,0.0
2014-04-11 00:00:00+00:00,16.3,0.0
2014-04-14 00:00:00+00:00,16.37,0.0
2014-04-15 00:00:00+00:00,16.25,0.0
2014-04-16 00:00:00+00:00,16.29,0.0
2014-04-17 00:00:00+00:00,16.47,0.0
2014-04-21 00:00:00+00:00,16.67,0.0
2014-04-22 00:00:00+00:00,16.68,0.0
2014-04-23 00:00:00+00:00,16.47,0.0
2014-04-24 00:00:00+00:00,17.82,0.0
2014-04-25 00:00:00+00:00,17.95,0.0
2014-04-28 00:00:00+00:00,18.64,0.0
2014-04-29 00:00:00+00:00,18.59,0.0
2014-04-30 00:00:00+00:00,18.52,0.0
2014-05-01 00:00:00+00:00,18.56,0.0
2014-05-02 00:00:00+00:00,18.59,0.0
2014-05-05 00:00:00+00:00,18.86,0.0
2014-05-06 00:00:00+00:00,18.65,0.0
2014-05-07 00:00:00+00:00,18.59,0.0
2014-05-08 00:00:00+00:00,18.55,0.0
2014-05-09 00:00:00+00:00,18.48,0.0
2014-05-12 00:00:00+00:00,18.71,0.0
2014-05-13 00:00:00+00:00,18.74,0.0
2014-05-14 00:00:00+00:00,18.74,0.0
2014-05-15 00:00:00+00:00,18.58,0.0
2014-05-16 00:00:00+00:00,18.85,0.0
2014-05-19 00:00:00+00:00,19.08,0.0
2014-05-20 00:00:00+00:00,19.08,0.0
2014-05-21 00:00:00+00:00,19.13,0.0
2014-05-22 00:00:00+00:00,19.16,0.0
2014-05-23 00:00:00+00:00,19.38,0.0
2014-05-27 00:00:00+00:00,19.74,0.0
2014-05-28 00:00:00+00:00,19.69,0.0
2014-05-29 00:00:00+00:00,20.05,0.0
2014-05-30 00:00:00+00:00,19.97,0.0
2014-06-02 00:00:00+00:00,19.84,0.0
2014-06-03 00:00:00+00:00,20.12,0.0
2014-06-04 00:00:00+00:00,20.35,0.0
2014-06-05 00:00:00+00:00,20.43,0.0
2014-06-06 00:00:00+00:00,20.37,0.0
2014-06-09 00:00:00+00:00,20.7,0.0
2014-06-10 00:00:00+00:00,20.82,0.0
2014-06-11 00:00:00+00:00,20.73,0.0
2014-06-12 00:00:00+00:00,20.38,0.0
2014-06-13 00:00:00+00:00,20.16,0.0
2014-06-16 00:00:00+00:00,20.36,0.0
2014-06-17 00:00:00+00:00,20.34,0.0
2014-06-18 00:00:00+00:00,20.36,0.0
2014-06-19 00:00:00+00:00,20.29,0.0
2014-06-20 00:00:00+00:00,20.08,0.0
2014-06-23 00:00:00+00:00,20.06,0.0
2014-06-24 00:00:00+00:00,19.94,0.0
2014-06-25 00:00:00+00:00,19.96,0.0
2014-06-26 00:00:00+00:00,20.08,0.0
2014-06-27 00:00:00+00:00,20.32,0.0
2014-06-30 00:00:00+00:00,20.53,0.0
2014-07-01 00:00:00+00:00,20.66,0.0
2014-07-02 00:00:00+00:00,20.65,0.0
2014-07-03 00:00:00+00:00,20.77,0.0
2014-07-07 00:00:00+00:00,21.2,0.0
2014-07-08 00:00:00+00:00,21.06,0.0
2014-07-09 00:00:00+00:00,21.07,0.0
2014-07-10 00:00:00+00:00,20.99,0.0
2014-07-11 00:00:00+00:00,21.03,0.0
2014-07-14 00:00:00+00:00,21.3,0.0
2014-07-15 00:00:00+00:00,21.05,0.0
2014-07-16 00:00:00+00:00,20.93,0.0
2014-07-17 00:00:00+00:00,20.56,0.0
2014-07-18 00:00:00+00:00,20.86,0.0
2014-07-21 00:00:00+00:00,20.75,0.0
2014-07-22 00:00:00+00:00,20.92,0.0
2014-07-23 00:00:00+00:00,21.47,0.0
2014-07-24 00:00:00+00:00,21.43,0.0
2014-07-25 00:00:00+00:00,21.57,0.0
2014-07-28 00:00:00+00:00,21.87,0.0
2014-07-29 00:00:00+00:00,21.73,0.0
2014-07-30 00:00:00+00:00,21.68,0.0
2014-07-31 00:00:00+00:00,21.12,0.0
2014-08-01 00:00:00+00:00,21.23,0.0
2014-08-04 00:00:00+00:00,21.11,0.0
2014-08-05 00:00:00+00:00,21.01,0.0
2014-08-06 00:00:00+00:00,20.97,0.0
2014-08-07 00:00:00+00:00,20.97,0.0
2014-08-08 00:00:00+00:00,21.03,0.0
2014-08-11 00:00:00+00:00,21.31,0.0
2014-08-12 00:00:00+00:00,21.3,0.0
2014-08-13 00:00:00+00:00,21.59,0.0
2014-08-14 00:00:00+00:00,21.64,0.0
2014-08-15 00:00:00+00:00,21.75,0.0
2014-08-18 00:00:00+00:00,22.01,0.0
2014-08-19 00:00:00+00:00,22.32,0.0
2014-08-20 00:00:00+00:00,22.32,0.0
2014-08-21 00:00:00+00:00,22.33,0.0
2014-08-22 00:00:00+00:00,22.49,0.0
2014-08-25 00:00:00+00:00,22.54,0.0
2014-08-26 00:00:00+00:00,22.4,0.0
2014-08-27 00:00:00+00:00,22.67,0.0
2014-08-28 00:00:00+00:00,22.7,0.0
2014-08-29 00:00:00+00:00,22.75,0.0
2014-09-02 00:00:00+00:00,22.93,0.0
2014-09-03 00:00:00+00:00,21.96,0.0
2014-09-04 00:00:00+00:00,21.78,0.0
2014-09-05 00:00:00+00:00,21.97,0.0
2014-09-08 00:00:00+00:00,21.83,0.0
2014-09-09 00:00:00+00:00,21.75,0.0
2014-09-10 00:00:00+00:00,22.42,0.0
2014-09-11 00:00:00+00:00,22.52,0.0
2014-09-12 00:00:00+00:00,22.57,0.0
2014-09-15 00:00:00+00:00,22.56,0.0
2014-09-16 00:00:00+00:00,22.39,0.0
2014-09-17 00:00:00+00:00,22.55,0.0
2014-09-18 00:00:00+00:00,22.6,0.0
2014-09-19 00:00:00+00:00,22.41,0.0
2014-09-22 00:00:00+00:00,22.43,0.0
2014-09-23 00:00:00+00:00,22.78,0.0
2014-09-24 00:00:00+00:00,22.59,0.0
2014-09-25 00:00:00+00:00,21.72,0.0
2014-09-26 00:00:00+00:00,22.36,0.0
2014-09-29 00:00:00+00:00,22.22,0.0
2014-09-30 00:00:00+00:00,22.36,0.0
2014-10-01 00:00:00+00:00,22.02,0.0
2014-10-02 00:00:00+00:00,22.18,0.0
2014-10-03 00:00:00+00:00,22.11,0.0
2014-10-06 00:00:00+00:00,22.11,0.0
2014-10-07 00:00:00+00:00,21.92,0.0
2014-10-08 00:00:00+00:00,22.38,0.0
2014-10-09 00:00:00+00:00,22.42,0.0
2014-10-10 00:00:00+00:00,22.36,0.0
2014-10-13 00:00:00+00:00,22.16,0.0
2014-10-14 00:00:00+00:00,21.92,0.0
2014-10-15 00:00:00+00:00,21.65,0.0
2014-10-16 00:00:00+00:00,21.37,0.0
2014-10-17 00:00:00+00:00,21.68,0.0
2014-10-20 00:00:00+00:00,22.14,0.0
2014-10-21 00:00:00+00:00,22.75,0.0
2014-10-22 00:00:00+00:00,22.86,0.0
2014-10-23 00:00:00+00:00,23.27,0.0
2014-10-24 00:00:00+00:00,23.36,0.0
2014-10-27 00:00:00+00:00,23.33,0.0
2014-10-28 00:00:00+00:00,23.69,0.0
2014-10-29 00:00:00+00:00,23.83,0.0
2014-10-30 00:00:00+00:00,23.75,0.0
2014-10-31 00:00:00+00:00,23.97,0.0
2014-11-03 00:00:00+00:00,24.28,0.0
2014-11-04 00:00:00+00:00,24.11,0.0
2014-11-05 00:00:00+00:00,24.16,0.0
2014-11-06 00:00:00+00:00,24.23,0.0
2014-11-07 00:00:00+00:00,24.3,0.0
2014-11-10 00:00:00+00:00,24.26,0.0
2014-11-11 00:00:00+00:00,24.46,0.0
2014-11-12 00:00:00+00:00,24.8,0.0
2014-11-13 00:00:00+00:00,25.15,0.0
2014-11-14 00:00:00+00:00,25.46,0.0
2014-11-17 00:00:00+00:00,25.41,0.0
2014-11-18 00:00:00+00:00,25.74,0.0
2014-11-19 00:00:00+00:00,25.56,0.0
2014-11-20 00:00:00+00:00,25.93,0.0
2014-11-21 00:00:00+00:00,25.97,0.0
2014-11-24 00:00:00+00:00,26.45,0.0
2014-11-25 00:00:00+00:00,26.22,0.0
2014-11-26 00:00:00+00:00,26.53,0.0
2014-11-28 00:00:00+00:00,26.51,0.0
2014-12-01 00:00:00+00:00,25.65,0.0
2014-12-02 00:00:00+00:00,25.56,0.0
2014-12-03 00:00:00+00:00,25.85,0.0
2014-12-04 00:00:00+00:00,25.75,0.0
2014-12-05 00:00:00+00:00,25.64,0.0
2014-12-08 00:00:00+00:00,25.06,0.0
2014-12-09 00:00:00+00:00,25.44,0.0
2014-12-10 00:00:00+00:00,24.96,0.0
2014-12-11 00:00:00+00:00,24.88,0.0
2014-12-12 00:00:00+00:00,24.46,0.0
2014-12-15 00:00:00+00:00,24.13,0.0
2014-12-16 00:00:00+00:00,23.8,0.0
2014-12-17 00:00:00+00:00,24.39,0.0
2014-12-18 00:00:00+00:00,25.11,0.0
2014-12-19 00:00:00+00:00,24.92,0.0
2014-12-22 00:00:00+00:00,25.18,0.0
2014-12-23 00:00:00+00:00,25.09,0.0
2014-12-24 00:00:00+00:00,24.97,0.0
2014-12-26 00:00:00+00:00,25.41,0.0
2014-12-29 00:00:00+00:00,25.4,0.0
2014-12-30 00:00:00+00:00,25.09,0.0
2014-12-31 00:00:00+00:00,24.61,0.0
2015-01-02 00:00:00+00:00,24.37,-38.0
2015-01-05 00:00:00+00:00,23.69,-67.0
2015-01-06 00:00:00+00:00,23.69,-17.0
2015-01-07 00:00:00+00:00,24.02,-2.0
2015-01-08 00:00:00+00:00,24.94,115.0
2015-01-09 00:00:00+00:00,24.97,36.0
2015-01-12 00:00:00+00:00,24.36,-10.0
2015-01-13 00:00:00+00:00,24.57,66.0
2015-01-14 00:00:00+00:00,24.48,-5.0
2015-01-15 00:00:00+00:00,23.81,-93.0
2015-01-16 00:00:00+00:00,23.63,-136.0
2015-01-20 00:00:00+00:00,24.24,46.0
2015-01-21 00:00:00+00:00,24.42,52.0
2015-01-22 00:00:00+00:00,25.06,-152.0
2015-01-23 00:00:00+00:00,25.19,-20.0
2015-01-26 00:00:00+00:00,25.21,58.0
2015-01-27 00:00:00+00:00,24.33,581.0
2015-01-28 00:00:00+00:00,25.71,539.0
2015-01-29 00:00:00+00:00,26.51,97.0
2015-01-30 00:00:00+00:00,26.12,92.0
2015-02-02 00:00:00+00:00,26.45,24.0
2015-02-03 00:00:00+00:00,26.45,-31.0
2015-02-04 00:00:00+00:00,26.65,14.0
2015-02-05 00:00:00+00:00,26.84,-26.0
2015-02-06 00:00:00+00:00,26.62,-16.0
2015-02-09 00:00:00+00:00,26.8,28.0
2015-02-10 00:00:00+00:00,27.31,272.0
2015-02-11 00:00:00+00:00,27.95,220.0
2015-02-12 00:00:00+00:00,28.3,105.0
2015-02-13 00:00:00+00:00,28.44,67.0
2015-02-17 00:00:00+00:00,28.61,15.0
2015-02-18 00:00:00+00:00,28.81,26.0
2015-02-19 00:00:00+00:00,28.75,12.0
2015-02-20 00:00:00+00:00,28.98,32.0
2015-02-23 00:00:00+00:00,29.77,184.0
2015-02-24 00:00:00+00:00,29.58,37.0
2015-02-25 00:00:00+00:00,28.83,-111.0
2015-02-26 00:00:00+00:00,29.19,10.0
2015-02-27 00:00:00+00:00,28.75,-21.0
2015-03-02 00:00:00+00:00,28.89,15.0
2015-03-03 00:00:00+00:00,28.95,15.0
2015-03-04 00:00:00+00:00,28.77,-27.0
2015-03-05 00:00:00+00:00,28.29,-85.0
2015-03-06 00:00:00+00:00,28.34,7.0
2015-03-09 00:00:00+00:00,28.46,-30.0
2015-03-10 00:00:00+00:00,27.87,-64.0
2015-03-11 00:00:00+00:00,27.36,-100.0
2015-03-12 00:00:00+00:00,27.85,20.0
2015-03-13 00:00:00+00:00,27.66,-2.0
2015-03-16 00:00:00+00:00,27.97,-13.0
2015-03-17 00:00:00+00:00,28.43,45.0
2015-03-18 00:00:00+00:00,28.75,48.0
2015-03-19 00:00:00+00:00,28.54,-2.0
2015-03-20 00:00:00+00:00,28.18,-98.0
2015-03-23 00:00:00+00:00,28.47,-2.0
2015-03-24 00:00:00+00:00,28.36,8.0
2015-03-25 00:00:00+00:00,27.61,0.0
2015-03-26 00:00:00+00:00,27.81,-20.0
2015-03-27 00:00:00+00:00,27.59,-20.0
2015-03-30 00:00:00+00:00,28.28,50.0
2015-03-31 00:00:00+00:00,27.85,13.0
2015-04-01 00:00:00+00:00,27.81,39.0
2015-04-02 00:00:00+00:00,28.05,29.0
2015-04-06 00:00:00+00:00,28.5,67.0
2015-04-07 00:00:00+00:00,28.2,-11.0
2015-04-08 00:00:00+00:00,28.11,-21.0
2015-04-09 00:00:00+00:00,28.33,27.0
2015-04-10 00:00:00+00:00,28.45,1.0
2015-04-13 00:00:00+00:00,28.39,65.0
2015-04-14 00:00:00+00:00,28.27,11.0
2015-04-15 00:00:00+00:00,28.38,-31.0
2015-04-16 00:00:00+00:00,28.24,8.0
2015-04-17 00:00:00+00:00,27.92,-27.0
2015-04-20 00:00:00+00:00,28.56,54.0
2015-04-21 00:00:00+00:00,28.4,0.0
2015-04-22 00:00:00+00:00,28.79,25.0
2015-04-23 00:00:00+00:00,29.02,26.0
2015-04-24 00:00:00+00:00,29.16,38.0
2015-04-27 00:00:00+00:00,29.69,529.0
2015-04-28 00:00:00+00:00,29.22,31.0
2015-04-29 00:00:00+00:00,28.79,-110.0
2015-04-30 00:00:00+00:00,28.01,-180.0
2015-05-01 00:00:00+00:00,28.86,15.0
2015-05-04 00:00:00+00:00,28.81,-7.0
2015-05-05 00:00:00+00:00,28.16,-24.0
2015-05-06 00:00:00+00:00,27.98,-36.0
2015-05-07 00:00:00+00:00,28.15,-78.0
2015-05-08 00:00:00+00:00,28.68,5.0
2015-05-11 00:00:00+00:00,28.39,3.0
2015-05-12 00:00:00+00:00,28.29,-5.0
2015-05-13 00:00:00+00:00,28.32,-2.0
2015-05-14 00:00:00+00:00,28.98,61.0
2015-05-15 00:00:00+00:00,28.94,-11.0
2015-05-18 00:00:00+00:00,29.26,143.0
2015-05-19 00:00:00+00:00,29.23,-31.0
2015-05-20 00:00:00+00:00,29.23,13.0
2015-05-21 00:00:00+00:00,29.53,2.0
2015-05-22 00:00:00+00:00,29.79,56.0
2015-05-26 00:00:00+00:00,29.13,-10.0
2015-05-27 00:00:00+00:00,29.68,64.0
2015-05-28 00:00:00+00:00,29.62,14.0
2015-05-29 00:00:00+00:00,29.28,1.0
2015-06-01 00:00:00+00:00,29.34,-2.0
2015-06-02 00:00:00+00:00,29.21,-2.0
2015-06-03 00:00:00+00:00,29.25,-1.0
2015-06-04 00:00:00+00:00,29.07,-3.0
2015-06-05 00:00:00+00:00,28.91,-18.0
2015-06-08 00:00:00+00:00,28.72,-3.0
2015-06-09 00:00:00+00:00,28.64,-5.0
2015-06-10 00:00:00+00:00,28.97,15.0
2015-06-11 00:00:00+00:00,28.9,-13.0
2015-06-12 00:00:00+00:00,28.58,-108.0
2015-06-15 00:00:00+00:00,28.53,-16.0
2015-06-16 00:00:00+00:00,28.68,-3.0
2015-06-17 00:00:00+00:00,28.61,-7.0
2015-06-18 00:00:00+00:00,28.74,-18.0
2015-06-19 00:00:00+00:00,28.45,-23.0
2015-06-22 00:00:00+00:00,28.68,13.0
2015-06-23 00:00:00+00:00,28.55,-1.0
2015-06-24 00:00:00+00:00,28.79,55.0
2015-06-25 00:00:00+00:00,28.66,-1.0
2015-06-26 00:00:00+00:00,28.49,-21.0
2015-06-29 00:00:00+00:00,27.99,-39.0
2015-06-30 00:00:00+00:00,28.19,5.0
2015-07-01 00:00:00+00:00,28.45,-4.0
2015-07-02 00:00:00+00:00,28.42,-19.0
2015-07-06 00:00:00+00:00,28.32,-19.0
2015-07-07 00:00:00+00:00,28.25,0.0
2015-07-08 00:00:00+00:00,27.55,-75.0
2015-07-09 00:00:00+00:00,26.99,-232.0
2015-07-10 00:00:00+00:00,27.71,48.0
2015-07-13 00:00:00+00:00,28.24,57.0
2015-07-14 00:00:00+00:00,28.23,17.0
2015-07-15 00:00:00+00:00,28.5,25.0
2015-07-16 00:00:00+00:00,28.88,49.0
2015-07-17 00:00:00+00:00,29.13,57.0
2015-07-20 00:00:00+00:00,29.68,105.0
2015-07-21 00:00:00+00:00,29.39,-411.0
2015-07-22 00:00:00+00:00,28.14,-196.0
2015-07-23 00:00:00+00:00,28.13,-47.0
2015-07-24 00:00:00+00:00,27.98,-15.0
2015-07-27 00:00:00+00:00,27.59,-25.0
2015-07-28 00:00:00+00:00,27.73,-33.0
2015-07-29 00:00:00+00:00,27.64,-12.0
2015-07-30 00:00:00+00:00,27.5,-58.0
2015-07-31 00:00:00+00:00,27.26,-29.0
2015-08-03 00:00:00+00:00,26.62,-183.0
2015-08-04 00:00:00+00:00,25.77,-377.0
2015-08-05 00:00:00+00:00,25.94,-109.0
2015-08-06 00:00:00+00:00,25.99,-20.0
2015-08-07 00:00:00+00:00,26.08,-33.0
2015-08-10 00:00:00+00:00,27.03,31.0
2015-08-11 00:00:00+00:00,25.62,-178.0
2015-08-12 00:00:00+00:00,26.02,-16.0
2015-08-13 00:00:00+00:00,26.0,-7.0
2015-08-14 00:00:00+00:00,26.18,-5.0
2015-08-17 00:00:00+00:00,26.45,30.0
2015-08-18 00:00:00+00:00,26.3,-19.0
2015-08-19 00:00:00+00:00,25.97,-34.0
2015-08-20 00:00:00+00:00,25.43,-70.0
2015-08-21 00:00:00+00:00,23.88,-117.0
2015-08-24 00:00:00+00:00,23.28,-19.0
2015-08-25 00:00:00+00:00,23.42,42.0
2015-08-26 00:00:00+00:00,24.76,-19.0
2015-08-27 00:00:00+00:00,25.49,30.0
2015-08-28 00:00:00+00:00,25.58,-5.0
2015-08-31 00:00:00+00:00,25.46,-4.0
2015-09-01 00:00:00+00:00,24.32,-79.0
2015-09-02 00:00:00+00:00,25.36,22.0
2015-09-03 00:00:00+00:00,24.92,-67.0
2015-09-04 00:00:00+00:00,24.67,-78.0
2015-09-08 00:00:00+00:00,25.36,-9.0
2015-09-09 00:00:00+00:00,24.87,-221.0
2015-09-10 00:00:00+00:00,25.42,-38.0
2015-09-11 00:00:00+00:00,25.79,13.0
2015-09-14 00:00:00+00:00,26.03,24.0
2015-09-15 00:00:00+00:00,26.25,23.0
2015-09-16 00:00:00+00:00,26.28,8.0
2015-09-17 00:00:00+00:00,25.72,-52.0
2015-09-18 00:00:00+00:00,25.61,-4.0
2015-09-21 00:00:00+00:00,26.01,-58.0
2015-09-22 00:00:00+00:00,25.6,-30.0
2015-09-23 00:00:00+00:00,25.81,6.0
2015-09-24 00:00:00+00:00,25.96,-2.0
2015-09-25 00:00:00+00:00,25.9,-1.0
2015-09-28 00:00:00+00:00,25.39,29.0
2015-09-29 00:00:00+00:00,24.62,-159.0
2015-09-30 00:00:00+00:00,24.9,-98.0
2015-10-01 00:00:00+00:00,24.74,-150.0
2015-10-02 00:00:00+00:00,24.92,-12.0
2015-10-05 00:00:00+00:00,25.01,-63.0
2015-10-06 00:00:00+00:00,25.13,-26.0
2015-10-07 00:00:00+00:00,25.01,-56.0
2015-10-08 00:00:00+00:00,24.72,-77.0
2015-10-09 00:00:00+00:00,25.31,1.0
2015-10-12 00:00:00+00:00,25.2,-29.0
2015-10-13 00:00:00+00:00,25.24,-5.0
2015-10-14 00:00:00+00:00,24.88,-77.0
2015-10-15 00:00:00+00:00,25.25,-11.0
2015-10-16 00:00:00+00:00,25.07,-23.0
2015-10-19 00:00:00+00:00,25.23,-1.0
2015-10-20 00:00:00+00:00,25.69,38.0
2015-10-21 00:00:00+00:00,25.68,16.0
2015-10-22 00:00:00+00:00,26.08,9.0
2015-10-23 00:00:00+00:00,26.88,75.0
2015-10-26 00:00:00+00:00,26.03,-77.0
2015-10-27 00:00:00+00:00,25.86,109.0
2015-10-28 00:00:00+00:00,26.93,59.0
2015-10-29 00:00:00+00:00,27.21,10.0
2015-10-30 00:00:00+00:00,26.98,9.0
2015-11-02 00:00:00+00:00,27.36,18.0
2015-11-03 00:00:00+00:00,27.67,37.0
2015-11-04 00:00:00+00:00,27.54,-11.0
2015-11-05 00:00:00+00:00,27.42,-27.0
2015-11-06 00:00:00+00:00,27.45,-2.0
2015-11-09 00:00:00+00:00,27.34,-7.0
2015-11-10 00:00:00+00:00,26.48,-130.0
2015-11-11 00:00:00+00:00,26.33,-27.0
2015-11-12 00:00:00+00:00,26.24,-11.0
2015-11-13 00:00:00+00:00,25.47,-77.0
2015-11-16 00:00:00+00:00,25.89,-13.0
2015-11-17 00:00:00+00:00,25.78,9.0
2015-11-18 00:00:00+00:00,26.59,93.0
2015-11-19 00:00:00+00:00,26.93,54.0
2015-11-20 00:00:00+00:00,27.05,-66.0
2015-11-23 00:00:00+00:00,26.7,-11.0
2015-11-24 00:00:00+00:00,26.95,18.0
2015-11-25 00:00:00+00:00,26.76,0.0
2015-11-27 00:00:00+00:00,26.71,25.0
2015-11-30 00:00:00+00:00,26.82,34.0
2015-12-01 00:00:00+00:00,26.61,-47.0
2015-12-02 00:00:00+00:00,26.37,-88.0
2015-12-03 00:00:00+00:00,26.12,-17.0
2015-12-04 00:00:00+00:00,26.99,40.0
2015-12-07 00:00:00+00:00,26.82,22.0
2015-12-08 00:00:00+00:00,26.81,1.0
2015-12-09 00:00:00+00:00,26.22,-53.0
2015-12-10 00:00:00+00:00,26.34,9.0
2015-12-11 00:00:00+00:00,25.66,-14.0
2015-12-14 00:00:00+00:00,25.5,-106.0
2015-12-15 00:00:00+00:00,25.05,-91.0
2015-12-16 00:00:00+00:00,25.24,0.0
2015-12-17 00:00:00+00:00,24.71,-50.0
2015-12-18 00:00:00+00:00,24.04,-47.0
2015-12-21 00:00:00+00:00,24.34,-57.0
2015-12-22 00:00:00+00:00,24.31,-4.0
2015-12-23 00:00:00+00:00,24.63,-4.0
2015-12-24 00:00:00+00:00,24.49,-2.0
2015-12-28 00:00:00+00:00,24.22,-8.0
2015-12-29 00:00:00+00:00,24.66,15.0
2015-12-30 00:00:00+00:00,24.33,-4.0
2015-12-31 00:00:00+00:00,23.87,-99.0
2016-01-04 00:00:00+00:00,23.89,24.0
2016-01-05 00:00:00+00:00,23.29,-130.0
2016-01-06 00:00:00+00:00,22.83,-172.0
2016-01-07 00:00:00+00:00,21.87,-181.0
2016-01-08 00:00:00+00:00,21.98,-157.0
2016-01-11 00:00:00+00:00,22.34,-7.0
2016-01-12 00:00:00+00:00,22.66,25.0
2016-01-13 00:00:00+00:00,22.08,-19.0
2016-01-14 00:00:00+00:00,22.56,-10.0
2016-01-15 00:00:00+00:00,22.02,-40.0
2016-01-19 00:00:00+00:00,21.92,-51.0
2016-01-20 00:00:00+00:00,21.95,-20.0
2016-01-21 00:00:00+00:00,21.83,-15.0
2016-01-22 00:00:00+00:00,23.0,90.0
2016-01-25 00:00:00+00:00,22.55,-7.0
2016-01-26 00:00:00+00:00,22.67,-167.0
2016-01-27 00:00:00+00:00,21.18,-369.0
2016-01-28 00:00:00+00:00,21.33,-71.0
2016-01-29 00:00:00+00:00,22.07,-75.0
2016-02-01 00:00:00+00:00,21.86,34.0
2016-02-02 00:00:00+00:00,21.42,-4.0
2016-02-03 00:00:00+00:00,21.85,30.0
2016-02-04 00:00:00+00:00,22.02,-55.0
2016-02-05 00:00:00+00:00,21.43,-60.0
2016-02-08 00:00:00+00:00,21.66,-9.0
2016-02-09 00:00:00+00:00,21.65,-52.0
2016-02-10 00:00:00+00:00,21.49,-30.0
2016-02-11 00:00:00+00:00,21.36,-21.0
2016-02-12 00:00:00+00:00,21.43,-24.0
2016-02-16 00:00:00+00:00,22.03,17.0
2016-02-17 00:00:00+00:00,22.37,-48.0
2016-02-18 00:00:00+00:00,21.94,-97.0
2016-02-19 00:00:00+00:00,21.89,-69.0
2016-02-22 00:00:00+00:00,22.09,-61.0
2016-02-23 00:00:00+00:00,21.59,-72.0
2016-02-24 00:00:00+00:00,21.91,-44.0
2016-02-25 00:00:00+00:00,22.06,-56.0
2016-02-26 00:00:00+00:00,22.09,-48.0
2016-02-29 00:00:00+00:00,22.04,7.0
2016-03-01 00:00:00+00:00,22.92,48.0
2016-03-02 00:00:00+00:00,22.97,12.0
2016-03-03 00:00:00+00:00,23.14,24.0
2016-03-04 00:00:00+00:00,23.48,30.0
2016-03-07 00:00:00+00:00,23.22,-27.0
2016-03-08 00:00:00+00:00,23.03,-13.0
2016-03-09 00:00:00+00:00,23.05,-2.0
2016-03-10 00:00:00+00:00,23.06,-14.0
2016-03-11 00:00:00+00:00,23.31,11.0
2016-03-14 00:00:00+00:00,23.37,23.0
2016-03-15 00:00:00+00:00,23.84,55.0
2016-03-16 00:00:00+00:00,24.16,20.0
2016-03-17 00:00:00+00:00,24.12,-42.0
2016-03-18 00:00:00+00:00,24.15,8.0
2016-03-21 00:00:00+00:00,24.14,-111.0
2016-03-22 00:00:00+00:00,24.33,18.0
2016-03-23 00:00:00+00:00,24.19,-31.0
2016-03-24 00:00:00+00:00,24.09,-11.0
2016-03-28 00:00:00+00:00,23.98,72.0
2016-03-29 00:00:00+00:00,24.55,-3.0
2016-03-30 00:00:00+00:00,24.98,48.0
2016-03-31 00:00:00+00:00,24.85,12.0
2016-04-01 00:00:00+00:00,25.07,39.0
2016-04-04 00:00:00+00:00,25.33,59.0
2016-04-05 00:00:00+00:00,25.03,-25.0
2016-04-06 00:00:00+00:00,25.3,-5.0
2016-04-07 00:00:00+00:00,24.74,-45.0
2016-04-08 00:00:00+00:00,24.77,-4.0
2016-04-11 00:00:00+00:00,24.85,-7.0
2016-04-12 00:00:00+00:00,25.18,5.0
2016-04-13 00:00:00+00:00,25.54,22.0
2016-04-14 00:00:00+00:00,25.56,-5.0
2016-04-15 00:00:00+00:00,25.04,-99.0
2016-04-18 00:00:00+00:00,24.5,-94.0
2016-04-19 00:00:00+00:00,24.37,-38.0
2016-04-20 00:00:00+00:00,24.42,-13.0
2016-04-21 00:00:00+00:00,24.16,-71.0
2016-04-22 00:00:00+00:00,24.09,-56.0
2016-04-25 00:00:00+00:00,23.95,-80.0
2016-04-26 00:00:00+00:00,23.79,-287.0
2016-04-27 00:00:00+00:00,22.3,-384.0
2016-04-28 00:00:00+00:00,21.62,-266.0
2016-04-29 00:00:00+00:00,21.37,-127.0
2016-05-02 00:00:00+00:00,21.35,-99.0
2016-05-03 00:00:00+00:00,21.7,-7.0
2016-05-04 00:00:00+00:00,21.47,-47.0
2016-05-05 00:00:00+00:00,21.39,-79.0
2016-05-06 00:00:00+00:00,21.27,-138.0
2016-05-09 00:00:00+00:00,21.28,-59.0
2016-05-10 00:00:00+00:00,21.43,-55.0
2016-05-11 00:00:00+00:00,21.22,-78.0
2016-05-12 00:00:00+00:00,20.72,-302.0
2016-05-13 00:00:00+00:00,20.76,-32.0
2016-05-16 00:00:00+00:00,21.53,142.0
2016-05-17 00:00:00+00:00,21.44,-15.0
2016-05-18 00:00:00+00:00,21.69,13.0
2016-05-19 00:00:00+00:00,21.61,5.0
2016-05-20 00:00:00+00:00,21.84,17.0
2016-05-23 00:00:00+00:00,22.12,48.0
2016-05-24 00:00:00+00:00,22.45,8.0
2016-05-25 00:00:00+00:00,22.85,30.0
2016-05-26 00:00:00+00:00,23.03,47.0
2016-05-27 00:00:00+00:00,23.02,4.0
2016-05-31 00:00:00+00:00,22.9,-21.0
2016-06-01 00:00:00+00:00,22.58,-34.0
2016-06-02 00:00:00+00:00,22.41,-59.0
2016-06-03 00:00:00+00:00,22.46,-17.0
2016-06-06 00:00:00+00:00,22.62,-3.0
2016-06-07 00:00:00+00:00,22.71,-17.0
2016-06-08 00:00:00+00:00,22.69,-2.0
2016-06-09 00:00:00+00:00,22.86,8.0
2016-06-10 00:00:00+00:00,22.67,0.0
2016-06-13 00:00:00+00:00,22.33,-46.0
2016-06-14 00:00:00+00:00,22.35,-24.0
2016-06-15 00:00:00+00:00,22.28,-21.0
2016-06-16 00:00:00+00:00,22.37,-30.0
2016-06-17 00:00:00+00:00,21.86,-142.0
2016-06-20 00:00:00+00:00,21.81,-63.0
2016-06-21 00:00:00+00:00,22.0,-24.0
2016-06-22 00:00:00+00:00,21.91,-13.0
2016-06-23 00:00:00+00:00,22.04,-37.0
2016-06-24 00:00:00+00:00,21.42,-57.0
2016-06-27 00:00:00+00:00,21.11,-66.0
2016-06-28 00:00:00+00:00,21.47,-31.0
2016-06-29 00:00:00+00:00,21.65,-22.0
2016-06-30 00:00:00+00:00,21.93,-44.0
2016-07-01 00:00:00+00:00,21.99,-45.0
2016-07-05 00:00:00+00:00,21.79,-31.0
2016-07-06 00:00:00+00:00,21.91,-9.0
2016-07-07 00:00:00+00:00,22.0,-9.0
2016-07-08 00:00:00+00:00,22.17,-20.0
2016-07-11 00:00:00+00:00,22.24,6.0
2016-07-12 00:00:00+00:00,22.34,-35.0
2016-07-13 00:00:00+00:00,22.22,-17.0
2016-07-14 00:00:00+00:00,22.66,27.0
2016-07-15 00:00:00+00:00,22.66,-17.0
2016-07-18 00:00:00+00:00,22.9,32.0
2016-07-19 00:00:00+00:00,22.91,17.0
2016-07-20 00:00:00+00:00,22.93,-5.0
2016-07-21 00:00:00+00:00,22.8,-13.0
2016-07-22 00:00:00+00:00,22.63,-11.0
2016-07-25 00:00:00+00:00,22.33,-89.0
2016-07-26 00:00:00+00:00,22.17,97.0
2016-07-27 00:00:00+00:00,23.61,164.0
2016-07-28 00:00:00+00:00,23.93,53.0
2016-07-29 00:00:00+00:00,23.9,1.0
2016-08-01 00:00:00+00:00,24.32,63.0
2016-08-02 00:00:00+00:00,23.96,-9.0
2016-08-03 00:00:00+00:00,24.26,32.0
2016-08-04 00:00:00+00:00,24.41,10.0
2016-08-05 00:00:00+00:00,24.78,53.0
2016-08-08 00:00:00+00:00,24.99,0.0
2016-08-09 00:00:00+00:00,25.09,-1.0
2016-08-10 00:00:00+00:00,24.9,-31.0
2016-08-11 00:00:00+00:00,24.89,0.0
2016-08-12 00:00:00+00:00,24.95,-8.0
2016-08-15 00:00:00+00:00,25.25,77.0
2016-08-16 00:00:00+00:00,25.22,31.0
2016-08-17 00:00:00+00:00,25.19,-7.0
2016-08-18 00:00:00+00:00,25.15,-2.0
2016-08-19 00:00:00+00:00,25.22,-13.0
2016-08-22 00:00:00+00:00,25.02,-22.0
2016-08-23 00:00:00+00:00,25.1,-6.0
2016-08-24 00:00:00+00:00,24.91,-19.0
2016-08-25 00:00:00+00:00,24.81,-24.0
2016-08-26 00:00:00+00:00,24.66,-20.0
2016-08-29 00:00:00+00:00,24.63,-9.0
2016-08-30 00:00:00+00:00,24.44,-232.0
2016-08-31 00:00:00+00:00,24.47,-47.0
2016-09-01 00:00:00+00:00,24.61,-28.0
2016-09-02 00:00:00+00:00,24.84,5.0
2016-09-06 00:00:00+00:00,24.84,-1.0
2016-09-07 00:00:00+00:00,24.99,-79.0
2016-09-08 00:00:00+00:00,24.33,-165.0
2016-09-09 00:00:00+00:00,23.78,-94.0
2016-09-12 00:00:00+00:00,24.31,-23.0
2016-09-13 00:00:00+00:00,24.89,109.0
2016-09-14 00:00:00+00:00,25.77,153.0
2016-09-15 00:00:00+00:00,26.65,158.0
2016-09-16 00:00:00+00:00,26.5,-1.0
2016-09-19 00:00:00+00:00,26.19,-40.0
2016-09-20 00:00:00+00:00,26.19,0.0
2016-09-21 00:00:00+00:00,26.18,-47.0
2016-09-22 00:00:00+00:00,26.43,2.0
2016-09-23 00:00:00+00:00,25.99,-115.0
2016-09-26 00:00:00+00:00,26.03,-35.0
2016-09-27 00:00:00+00:00,26.08,-3.0
2016-09-28 00:00:00+00:00,26.28,28.0
2016-09-29 00:00:00+00:00,25.87,-31.0
2016-09-30 00:00:00+00:00,26.07,-10.0
2016-10-03 00:00:00+00:00,25.95,-6.0
2016-10-04 00:00:00+00:00,26.06,-7.0
2016-10-05 00:00:00+00:00,26.07,-19.0
2016-10-06 00:00:00+00:00,26.26,-9.0
2016-10-07 00:00:00+00:00,26.3,17.0
2016-10-10 00:00:00+00:00,26.76,59.0
2016-10-11 00:00:00+00:00,26.82,72.0
2016-10-12 00:00:00+00:00,27.06,1.0
2016-10-13 00:00:00+00:00,26.98,-1.0
2016-10-14 00:00:00+00:00,27.13,13.0
2016-10-17 00:00:00+00:00,27.11,-8.0
2016-10-18 00:00:00+00:00,27.09,12.0
2016-10-19 00:00:00+00:00,27.01,-25.0
2016-10-20 00:00:00+00:00,26.99,-15.0
2016-10-21 00:00:00+00:00,26.89,4.0
2016-10-24 00:00:00+00:00,27.13,59.0
2016-10-25 00:00:00+00:00,27.27,-70.0
2016-10-26 00:00:00+00:00,26.65,-80.0
2016-10-27 00:00:00+00:00,26.4,-48.0
2016-10-28 00:00:00+00:00,26.22,-37.0
2016-10-31 00:00:00+00:00,26.18,-13.0
2016-11-01 00:00:00+00:00,25.71,-47.0
2016-11-02 00:00:00+00:00,25.73,-38.0
2016-11-03 00:00:00+00:00,25.46,-38.0
2016-11-04 00:00:00+00:00,25.23,30.0
2016-11-07 00:00:00+00:00,25.59,-5.0
2016-11-08 00:00:00+00:00,25.74,16.0
2016-11-09 00:00:00+00:00,25.7,-18.0
2016-11-10 00:00:00+00:00,24.98,-69.0
2016-11-11 00:00:00+00:00,25.13,2.0
2016-11-14 00:00:00+00:00,24.5,-27.0
2016-11-15 00:00:00+00:00,24.83,14.0
2016-11-16 00:00:00+00:00,25.49,26.0
2016-11-17 00:00:00+00:00,25.48,-5.0
2016-11-18 00:00:00+00:00,25.51,0.0
2016-11-21 00:00:00+00:00,25.9,23.0
2016-11-22 00:00:00+00:00,25.91,-3.0
2016-11-23 00:00:00+00:00,25.78,22.0
2016-11-25 00:00:00+00:00,25.91,2.0
2016-11-28 00:00:00+00:00,25.86,1.0
2016-11-29 00:00:00+00:00,25.83,-8.0
2016-11-30 00:00:00+00:00,25.62,9.0
2016-12-01 00:00:00+00:00,25.38,-11.0
2016-12-02 00:00:00+00:00,25.47,0.0
2016-12-05 00:00:00+00:00,25.29,-2.0
2016-12-06 00:00:00+00:00,25.48,19.0
2016-12-07 00:00:00+00:00,25.73,-1.0
2016-12-08 00:00:00+00:00,25.99,18.0
2016-12-09 00:00:00+00:00,26.41,44.0
2016-12-12 00:00:00+00:00,26.26,-6.0
2016-12-13 00:00:00+00:00,26.7,20.0
2016-12-14 00:00:00+00:00,26.7,18.0
2016-12-15 00:00:00+00:00,26.85,15.0
2016-12-16 00:00:00+00:00,26.88,2.0
2016-12-19 00:00:00+00:00,27.04,21.0
2016-12-20 00:00:00+00:00,27.11,-5.0
2016-12-21 00:00:00+00:00,27.13,-13.0
2016-12-22 00:00:00+00:00,26.95,22.0
2016-12-23 00:00:00+00:00,27.01,-20.0
2016-12-27 00:00:00+00:00,27.18,25.0
2016-12-28 00:00:00+00:00,27.06,9.0
2016-12-29 00:00:00+00:00,27.06,-1.0
2016-12-30 00:00:00+00:00,26.85,-36.0
2017-01-03 00:00:00+00:00,26.92,-18.0
2017-01-04 00:00:00+00:00,26.89,2.0
2017-01-05 00:00:00+00:00,27.03,20.0
2017-01-06 00:00:00+00:00,27.33,16.0
2017-01-09 00:00:00+00:00,27.58,90.0
2017-01-10 00:00:00+00:00,27.61,31.0
2017-01-11 00:00:00+00:00,27.76,31.0
2017-01-12 00:00:00+00:00,27.64,-21.0
2017-01-13 00:00:00+00:00,27.59,-2.0
2017-01-17 00:00:00+00:00,27.81,30.0
2017-01-18 00:00:00+00:00,27.81,12.0
2017-01-19 00:00:00+00:00,27.76,-7.0
2017-01-20 00:00:00+00:00,27.81,4.0
2017-01-23 00:00:00+00:00,27.83,-28.0
2017-01-24 00:00:00+00:00,27.81,-19.0
2017-01-25 00:00:00+00:00,28.25,37.0
2017-01-26 00:00:00+00:00,28.26,11.0
2017-01-27 00:00:00+00:00,28.27,-8.0
2017-01-30 00:00:00+00:00,28.19,-20.0
2017-01-31 00:00:00+00:00,28.13,171.0
2017-02-01 00:00:00+00:00,29.84,224.0
2017-02-02 00:00:00+00:00,29.79,11.0
2017-02-03 00:00:00+00:00,29.92,11.0
2017-02-06 00:00:00+00:00,30.2,27.0
2017-02-07 00:00:00+00:00,30.49,52.0
2017-02-08 00:00:00+00:00,30.6,38.0
2017-02-09 00:00:00+00:00,30.83,9.0
2017-02-10 00:00:00+00:00,30.76,17.0
2017-02-13 00:00:00+00:00,31.03,91.0
2017-02-14 00:00:00+00:00,31.43,92.0
2017-02-15 00:00:00+00:00,31.55,42.0
2017-02-16 00:00:00+00:00,31.51,11.0
2017-02-17 00:00:00+00:00,31.59,3.0
2017-02-21 00:00:00+00:00,31.82,53.0
2017-02-22 00:00:00+00:00,31.92,1.0
2017-02-23 00:00:00+00:00,31.78,-18.0
2017-02-24 00:00:00+00:00,31.81,-13.0
2017-02-27 00:00:00+00:00,31.88,51.0
2017-02-28 00:00:00+00:00,31.89,13.0
2017-03-01 00:00:00+00:00,32.54,83.0
2017-03-02 00:00:00+00:00,32.35,-3.0
2017-03-03 00:00:00+00:00,32.54,-18.0
2017-03-06 00:00:00+00:00,32.44,10.0
2017-03-07 00:00:00+00:00,32.48,-11.0
2017-03-08 00:00:00+00:00,32.36,-18.0
2017-03-09 00:00:00+00:00,32.28,2.0
2017-03-10 00:00:00+00:00,32.39,6.0
2017-03-13 00:00:00+00:00,32.4,5.0
2017-03-14 00:00:00+00:00,32.36,12.0
2017-03-15 00:00:00+00:00,32.7,54.0
2017-03-16 00:00:00+00:00,32.75,18.0
2017-03-17 00:00:00+00:00,32.59,0.0
2017-03-20 00:00:00+00:00,32.93,72.0
2017-03-21 00:00:00+00:00,32.55,36.0
2017-03-22 00:00:00+00:00,32.92,19.0
2017-03-23 00:00:00+00:00,32.8,8.0
2017-03-24 00:00:00+00:00,32.74,-2.0
2017-03-27 00:00:00+00:00,32.8,11.0
2017-03-28 00:00:00+00:00,33.47,2.0
2017-03-29 00:00:00+00:00,33.55,50.0
2017-03-30 00:00:00+00:00,33.51,27.0
2017-03-31 00:00:00+00:00,33.44,8.0
2017-04-03 00:00:00+00:00,33.45,0.0
2017-04-04 00:00:00+00:00,33.7,21.0
2017-04-05 00:00:00+00:00,33.53,1.0
2017-04-06 00:00:00+00:00,33.44,-51.0
2017-04-07 00:00:00+00:00,33.37,-1.0
2017-04-10 00:00:00+00:00,33.33,-5.0
2017-04-11 00:00:00+00:00,32.97,-44.0
2017-04-12 00:00:00+00:00,33.01,-9.0
2017-04-13 00:00:00+00:00,32.83,-6.0
2017-04-17 00:00:00+00:00,33.02,9.0
2017-04-18 00:00:00+00:00,32.87,-7.0
2017-04-19 00:00:00+00:00,32.75,-6.0
2017-04-20 00:00:00+00:00,33.16,26.0
2017-04-21 00:00:00+00:00,33.12,13.0
2017-04-24 00:00:00+00:00,33.44,13.0
2017-04-25 00:00:00+00:00,33.64,28.0
2017-04-26 00:00:00+00:00,33.45,1.0
2017-04-27 00:00:00+00:00,33.47,12.0
2017-04-28 00:00:00+00:00,33.44,-10.0
2017-05-01 00:00:00+00:00,34.12,82.0
2017-05-02 00:00:00+00:00,34.34,-137.0
2017-05-03 00:00:00+00:00,34.23,-4.0
2017-05-04 00:00:00+00:00,34.11,-11.0
2017-05-05 00:00:00+00:00,34.68,43.0
2017-05-08 00:00:00+00:00,35.62,199.0
2017-05-09 00:00:00+00:00,35.85,80.0
2017-05-10 00:00:00+00:00,35.68,2.0
2017-05-11 00:00:00+00:00,35.99,37.0
2017-05-12 00:00:00+00:00,36.49,84.0
2017-05-15 00:00:00+00:00,36.39,12.0
2017-05-16 00:00:00+00:00,36.34,15.0
2017-05-17 00:00:00+00:00,35.12,-12.0
2017-05-18 00:00:00+00:00,35.66,14.0
2017-05-19 00:00:00+00:00,35.78,-4.0
2017-05-22 00:00:00+00:00,35.99,17.0
2017-05-23 00:00:00+00:00,35.95,17.0
2017-05-24 00:00:00+00:00,35.84,-30.0
2017-05-25 00:00:00+00:00,35.97,7.0
2017-05-26 00:00:00+00:00,35.91,-1.0
2017-05-30 00:00:00+00:00,35.92,26.0
2017-05-31 00:00:00+00:00,35.71,1.0
2017-06-01 00:00:00+00:00,35.81,11.0
2017-06-02 00:00:00+00:00,36.34,21.0
2017-06-05 00:00:00+00:00,35.98,-31.0
2017-06-06 00:00:00+00:00,36.1,23.0
2017-06-07 00:00:00+00:00,36.32,13.0
2017-06-08 00:00:00+00:00,36.23,3.0
2017-06-09 00:00:00+00:00,34.82,-144.0
2017-06-12 00:00:00+00:00,33.99,-113.0
2017-06-13 00:00:00+00:00,34.27,-20.0
2017-06-14 00:00:00+00:00,33.93,-26.0
2017-06-15 00:00:00+00:00,33.73,-40.0
2017-06-16 00:00:00+00:00,33.26,-23.0
2017-06-19 00:00:00+00:00,34.21,13.0
2017-06-20 00:00:00+00:00,33.9,4.0
2017-06-21 00:00:00+00:00,34.1,0.0
2017-06-22 00:00:00+00:00,34.04,6.0
2017-06-23 00:00:00+00:00,34.19,4.0
2017-06-26 00:00:00+00:00,34.09,13.0
2017-06-27 00:00:00+00:00,33.6,-30.0
2017-06-28 00:00:00+00:00,34.09,13.0
2017-06-29 00:00:00+00:00,33.58,13.0
2017-06-30 00:00:00+00:00,33.66,11.0
2017-07-03 00:00:00+00:00,33.54,17.0
2017-07-05 00:00:00+00:00,33.68,2.0
2017-07-06 00:00:00+00:00,33.36,-6.0
2017-07-07 00:00:00+00:00,33.7,0.0
2017-07-10 00:00:00+00:00,33.91,13.0
2017-07-11 00:00:00+00:00,34.02,6.0
2017-07-12 00:00:00+00:00,34.07,-13.0
2017-07-13 00:00:00+00:00,34.54,45.0
2017-07-14 00:00:00+00:00,34.84,33.0
2017-07-17 00:00:00+00:00,34.96,40.0
2017-07-18 00:00:00+00:00,35.08,4.0
2017-07-19 00:00:00+00:00,35.3,3.0
2017-07-20 00:00:00+00:00,35.14,4.0
2017-07-21 00:00:00+00:00,35.13,-10.0
2017-07-24 00:00:00+00:00,35.55,22.0
2017-07-25 00:00:00+00:00,35.7,12.0
2017-07-26 00:00:00+00:00,35.87,37.0
2017-07-27 00:00:00+00:00,35.19,-26.0
2017-07-28 00:00:00+00:00,34.95,3.0
2017-07-31 00:00:00+00:00,34.77,-5.0
2017-08-01 00:00:00+00:00,35.07,348.0
2017-08-02 00:00:00+00:00,36.73,174.0
2017-08-03 00:00:00+00:00,36.36,15.0
2017-08-04 00:00:00+00:00,36.56,27.0
2017-08-07 00:00:00+00:00,37.12,53.0
2017-08-08 00:00:00+00:00,37.42,74.0
2017-08-09 00:00:00+00:00,37.65,46.0
2017-08-10 00:00:00+00:00,36.45,-18.0
2017-08-11 00:00:00+00:00,36.96,21.0
2017-08-14 00:00:00+00:00,37.51,34.0
2017-08-15 00:00:00+00:00,37.92,69.0
2017-08-16 00:00:00+00:00,37.77,-1.0
2017-08-17 00:00:00+00:00,37.04,-23.0
2017-08-18 00:00:00+00:00,36.96,0.0
2017-08-21 00:00:00+00:00,36.89,6.0
2017-08-22 00:00:00+00:00,37.49,37.0
2017-08-23 00:00:00+00:00,37.54,15.0
2017-08-24 00:00:00+00:00,37.38,-10.0
2017-08-25 00:00:00+00:00,37.51,3.0
2017-08-28 00:00:00+00:00,37.89,31.0
2017-08-29 00:00:00+00:00,38.23,74.0
2017-08-30 00:00:00+00:00,38.33,30.0
2017-08-31 00:00:00+00:00,38.49,46.0
2017-09-01 00:00:00+00:00,38.5,19.0
2017-09-05 00:00:00+00:00,38.03,8.0
2017-09-06 00:00:00+00:00,37.99,-13.0
2017-09-07 00:00:00+00:00,37.84,-32.0
2017-09-08 00:00:00+00:00,37.23,-3.0
2017-09-11 00:00:00+00:00,37.9,35.0
2017-09-12 00:00:00+00:00,37.75,-180.0
2017-09-13 00:00:00+00:00,37.46,4.0
2017-09-14 00:00:00+00:00,37.14,-8.0
2017-09-15 00:00:00+00:00,37.52,72.0
2017-09-18 00:00:00+00:00,37.23,-4.0
2017-09-19 00:00:00+00:00,37.25,10.0
2017-09-20 00:00:00+00:00,36.62,-144.0
2017-09-21 00:00:00+00:00,36.0,-68.0
2017-09-22 00:00:00+00:00,35.64,-64.0
2017-09-25 00:00:00+00:00,35.33,-81.0
2017-09-26 00:00:00+00:00,35.94,71.0
2017-09-27 00:00:00+00:00,36.19,-4.0
2017-09-28 00:00:00+00:00,35.97,2.0
2017-09-29 00:00:00+00:00,36.17,7.0
2017-10-02 00:00:00+00:00,36.09,7.0
2017-10-03 00:00:00+00:00,36.25,9.0
2017-10-04 00:00:00+00:00,36.02,-26.0
2017-10-05 00:00:00+00:00,36.46,25.0
2017-10-06 00:00:00+00:00,36.44,-4.0
2017-10-09 00:00:00+00:00,36.57,9.0
2017-10-10 00:00:00+00:00,36.58,9.0
2017-10-11 00:00:00+00:00,36.74,8.0
2017-10-12 00:00:00+00:00,36.61,-3.0
2017-10-13 00:00:00+00:00,36.84,-18.0
2017-10-16 00:00:00+00:00,37.52,57.0
2017-10-17 00:00:00+00:00,37.66,22.0
2017-10-18 00:00:00+00:00,37.49,3.0
2017-10-19 00:00:00+00:00,36.6,-4.0
2017-10-20 00:00:00+00:00,36.67,8.0
2017-10-23 00:00:00+00:00,36.65,4.0
2017-10-24 00:00:00+00:00,36.87,-4.0
2017-10-25 00:00:00+00:00,36.7,4.0
2017-10-26 00:00:00+00:00,36.94,5.0
2017-10-27 00:00:00+00:00,38.26,20.0
2017-10-30 00:00:00+00:00,39.12,114.0
2017-10-31 00:00:00+00:00,39.67,26.0
2017-11-01 00:00:00+00:00,39.16,3.0
2017-11-02 00:00:00+00:00,39.45,325.0
2017-11-03 00:00:00+00:00,40.48,192.0
2017-11-06 00:00:00+00:00,40.89,41.0
2017-11-07 00:00:00+00:00,41.02,33.0
2017-11-08 00:00:00+00:00,41.36,53.0
2017-11-09 00:00:00+00:00,41.27,35.0
2017-11-10 00:00:00+00:00,41.14,9.0
2017-11-13 00:00:00+00:00,40.97,18.0
2017-11-14 00:00:00+00:00,40.35,4.0
2017-11-15 00:00:00+00:00,39.82,-10.0
2017-11-16 00:00:00+00:00,40.3,14.0
2017-11-17 00:00:00+00:00,40.07,2.0
2017-11-20 00:00:00+00:00,40.03,11.0
2017-11-21 00:00:00+00:00,40.78,44.0
2017-11-22 00:00:00+00:00,41.2,41.0
2017-11-24 00:00:00+00:00,41.21,4.0
2017-11-27 00:00:00+00:00,41.0,47.0
2017-11-28 00:00:00+00:00,40.76,0.0
2017-11-29 00:00:00+00:00,39.91,-53.0
2017-11-30 00:00:00+00:00,40.47,22.0
2017-12-01 00:00:00+00:00,40.28,8.0
2017-12-04 00:00:00+00:00,39.99,4.0
2017-12-05 00:00:00+00:00,39.95,1.0
2017-12-06 00:00:00+00:00,39.8,2.0
2017-12-07 00:00:00+00:00,39.88,-2.0
2017-12-08 00:00:00+00:00,39.89,9.0
2017-12-11 00:00:00+00:00,40.67,70.0
2017-12-12 00:00:00+00:00,40.44,24.0
2017-12-13 00:00:00+00:00,40.57,52.0
2017-12-14 00:00:00+00:00,40.56,2.0
2017-12-15 00:00:00+00:00,40.97,33.0
2017-12-18 00:00:00+00:00,41.55,50.0
2017-12-19 00:00:00+00:00,41.11,-26.0
2017-12-20 00:00:00+00:00,41.06,9.0
2017-12-21 00:00:00+00:00,41.22,9.0
2017-12-22 00:00:00+00:00,41.22,-13.0
2017-12-26 00:00:00+00:00,40.17,-95.0
2017-12-27 00:00:00+00:00,40.18,-3.0
2017-12-28 00:00:00+00:00,40.29,-11.0
2017-12-29 00:00:00+00:00,39.86,-5.0
2018-01-02 00:00:00+00:00,40.57,59.0
2018-01-03 00:00:00+00:00,40.56,8.0
2018-01-04 00:00:00+00:00,40.75,-9.0
2018-01-05 00:00:00+00:00,41.21,-3.0
2018-01-08 00:00:00+00:00,41.06,1.0
2018-01-09 00:00:00+00:00,41.06,-6.0
2018-01-10 00:00:00+00:00,41.05,-19.0
2018-01-11 00:00:00+00:00,41.28,9.0
2018-01-12 00:00:00+00:00,41.71,55.0
2018-01-16 00:00:00+00:00,41.49,21.0
2018-01-17 00:00:00+00:00,42.18,85.0
2018-01-18 00:00:00+00:00,42.22,47.0
2018-01-19 00:00:00+00:00,42.03,5.0
2018-01-22 00:00:00+00:00,41.69,-22.0
2018-01-23 00:00:00+00:00,41.69,-53.0
2018-01-24 00:00:00+00:00,41.03,-76.0
2018-01-25 00:00:00+00:00,40.3,-26.0
2018-01-26 00:00:00+00:00,40.39,3.0
2018-01-29 00:00:00+00:00,39.56,-48.0
2018-01-30 00:00:00+00:00,39.32,-77.0
2018-01-31 00:00:00+00:00,39.43,12.0
2018-02-01 00:00:00+00:00,39.51,125.0
2018-02-02 00:00:00+00:00,37.8,-151.0
2018-02-05 00:00:00+00:00,36.85,26.0
2018-02-06 00:00:00+00:00,38.4,-9.0
2018-02-07 00:00:00+00:00,37.57,-44.0
2018-02-08 00:00:00+00:00,36.54,-28.0
2018-02-09 00:00:00+00:00,36.99,9.0
2018-02-12 00:00:00+00:00,38.48,72.0
2018-02-13 00:00:00+00:00,38.86,24.0
2018-02-14 00:00:00+00:00,39.58,56.0
2018-02-15 00:00:00+00:00,40.91,88.0
2018-02-16 00:00:00+00:00,40.77,7.0
2018-02-20 00:00:00+00:00,40.64,12.0
2018-02-21 00:00:00+00:00,40.45,1.0
2018-02-22 00:00:00+00:00,40.79,-3.0
2018-02-23 00:00:00+00:00,41.5,15.0
2018-02-26 00:00:00+00:00,42.32,104.0
2018-02-27 00:00:00+00:00,42.18,32.0
2018-02-28 00:00:00+00:00,42.12,2.0
2018-03-01 00:00:00+00:00,41.38,-33.0
2018-03-02 00:00:00+00:00,41.67,-32.0
2018-03-05 00:00:00+00:00,41.81,25.0
2018-03-06 00:00:00+00:00,41.78,-18.0
2018-03-07 00:00:00+00:00,41.39,-13.0
2018-03-08 00:00:00+00:00,41.84,19.0
2018-03-09 00:00:00+00:00,42.56,34.0
2018-03-12 00:00:00+00:00,42.97,77.0
2018-03-13 00:00:00+00:00,42.56,0.0
2018-03-14 00:00:00+00:00,42.2,-26.0
2018-03-15 00:00:00+00:00,42.25,-2.0
2018-03-16 00:00:00+00:00,42.1,0.0
2018-03-19 00:00:00+00:00,41.45,-51.0
2018-03-20 00:00:00+00:00,41.44,-8.0
2018-03-21 00:00:00+00:00,40.5,-48.0
2018-03-22 00:00:00+00:00,39.93,-36.0
2018-03-23 00:00:00+00:00,39.0,-25.0
2018-03-26 00:00:00+00:00,40.85,25.0
2018-03-27 00:00:00+00:00,39.81,-1.0
2018-03-28 00:00:00+00:00,39.37,-74.0
2018-03-29 00:00:00+00:00,39.67,-22.0
2018-04-02 00:00:00+00:00,39.41,-52.0
2018-04-03 00:00:00+00:00,39.82,-4.0
2018-04-04 00:00:00+00:00,40.58,2.0
2018-04-05 00:00:00+00:00,40.86,0.0
2018-04-06 00:00:00+00:00,39.82,-12.0
2018-04-09 00:00:00+00:00,40.21,-4.0
2018-04-10 00:00:00+00:00,40.97,10.0
2018-04-11 00:00:00+00:00,40.78,8.0
2018-04-12 00:00:00+00:00,41.18,6.0
2018-04-13 00:00:00+00:00,41.32,16.0
2018-04-16 00:00:00+00:00,41.58,-9.0
2018-04-17 00:00:00+00:00,42.15,16.0
2018-04-18 00:00:00+00:00,42.05,10.0
2018-04-19 00:00:00+00:00,40.86,-75.0
2018-04-20 00:00:00+00:00,39.19,-202.0
2018-04-23 00:00:00+00:00,39.07,-57.0
2018-04-24 00:00:00+00:00,38.53,-78.0
2018-04-25 00:00:00+00:00,38.7,12.0
2018-04-26 00:00:00+00:00,38.83,-17.0
2018-04-27 00:00:00+00:00,38.38,-43.0
2018-04-30 00:00:00+00:00,39.08,9.0
2018-05-01 00:00:00+00:00,39.99,202.0
2018-05-02 00:00:00+00:00,41.75,118.0
2018-05-03 00:00:00+00:00,41.83,15.0
2018-05-04 00:00:00+00:00,43.47,216.0
2018-05-07 00:00:00+00:00,43.78,80.0
2018-05-08 00:00:00+00:00,44.0,11.0
2018-05-09 00:00:00+00:00,44.31,22.0
2018-05-10 00:00:00+00:00,44.94,54.0
2018-05-11 00:00:00+00:00,44.77,0.0
2018-05-14 00:00:00+00:00,44.66,16.0
2018-05-15 00:00:00+00:00,44.26,1.0
2018-05-16 00:00:00+00:00,44.67,14.0
2018-05-17 00:00:00+00:00,44.39,-1.0
2018-05-18 00:00:00+00:00,44.23,-2.0
2018-05-21 00:00:00+00:00,44.54,16.0
2018-05-22 00:00:00+00:00,44.43,8.0
2018-05-23 00:00:00+00:00,44.71,22.0
2018-05-24 00:00:00+00:00,44.66,20.0
2018-05-25 00:00:00+00:00,44.77,5.0
2018-05-29 00:00:00+00:00,44.6,18.0
2018-05-30 00:00:00+00:00,44.51,-9.0
2018-05-31 00:00:00+00:00,44.36,17.0
2018-06-01 00:00:00+00:00,45.16,60.0
2018-06-04 00:00:00+00:00,45.54,46.0
2018-06-05 00:00:00+00:00,45.89,47.0
2018-06-06 00:00:00+00:00,46.05,21.0
2018-06-07 00:00:00+00:00,45.92,9.0
2018-06-08 00:00:00+00:00,45.51,-53.0
2018-06-11 00:00:00+00:00,45.39,10.0
2018-06-12 00:00:00+00:00,45.64,20.0
2018-06-13 00:00:00+00:00,45.27,8.0
2018-06-14 00:00:00+00:00,45.29,6.0
2018-06-15 00:00:00+00:00,44.83,9.0
2018-06-18 00:00:00+00:00,44.8,20.0
2018-06-19 00:00:00+00:00,44.08,-21.0
2018-06-20 00:00:00+00:00,44.27,10.0
2018-06-21 00:00:00+00:00,44.02,7.0
2018-06-22 00:00:00+00:00,43.9,-9.0
2018-06-25 00:00:00+00:00,43.24,-19.0
2018-06-26 00:00:00+00:00,43.78,10.0
2018-06-27 00:00:00+00:00,43.72,-3.0
2018-06-28 00:00:00+00:00,44.03,7.0
2018-06-29 00:00:00+00:00,43.94,-3.0
2018-07-02 00:00:00+00:00,44.43,27.0
2018-07-03 00:00:00+00:00,43.66,-2.0
2018-07-05 00:00:00+00:00,44.01,4.0
2018-07-06 00:00:00+00:00,44.62,35.0
2018-07-09 00:00:00+00:00,45.24,27.0
2018-07-10 00:00:00+00:00,45.19,6.0
2018-07-11 00:00:00+00:00,44.6,-15.0
2018-07-12 00:00:00+00:00,45.35,27.0
2018-07-13 00:00:00+00:00,45.42,22.0
2018-07-16 00:00:00+00:00,45.32,-3.0
2018-07-17 00:00:00+00:00,45.45,11.0
2018-07-18 00:00:00+00:00,45.2,7.0
2018-07-19 00:00:00+00:00,45.55,44.0
2018-07-20 00:00:00+00:00,45.44,-4.0
2018-07-23 00:00:00+00:00,45.48,29.0
2018-07-24 00:00:00+00:00,45.81,23.0
2018-07-25 00:00:00+00:00,46.25,22.0
2018-07-26 00:00:00+00:00,46.1,7.0
2018-07-27 00:00:00+00:00,45.34,-7.0
2018-07-30 00:00:00+00:00,45.08,-51.0
2018-07-31 00:00:00+00:00,45.17,168.0
2018-08-01 00:00:00+00:00,47.83,183.0
2018-08-02 00:00:00+00:00,49.23,284.0
2018-08-03 00:00:00+00:00,49.37,83.0
2018-08-06 00:00:00+00:00,49.63,52.0
2018-08-07 00:00:00+00:00,49.16,-10.0
2018-08-08 00:00:00+00:00,49.2,28.0
2018-08-09 00:00:00+00:00,49.58,61.0
2018-08-10 00:00:00+00:00,49.44,-1.0
2018-08-13 00:00:00+00:00,49.76,30.0
2018-08-14 00:00:00+00:00,49.97,8.0
2018-08-15 00:00:00+00:00,50.08,30.0
2018-08-16 00:00:00+00:00,50.82,40.0
2018-08-17 00:00:00+00:00,51.83,63.0
2018-08-20 00:00:00+00:00,51.33,-9.0
2018-08-21 00:00:00+00:00,51.23,16.0
2018-08-22 00:00:00+00:00,51.23,13.0
2018-08-23 00:00:00+00:00,51.33,8.0
2018-08-24 00:00:00+00:00,51.49,-7.0
2018-08-27 00:00:00+00:00,51.92,23.0
2018-08-28 00:00:00+00:00,52.34,61.0
2018-08-29 00:00:00+00:00,53.12,53.0
2018-08-30 00:00:00+00:00,53.61,70.0
2018-08-31 00:00:00+00:00,54.22,58.0
2018-09-04 00:00:00+00:00,54.4,72.0
2018-09-05 00:00:00+00:00,54.04,14.0
2018-09-06 00:00:00+00:00,53.15,-40.0
2018-09-07 00:00:00+00:00,52.72,-91.0
2018-09-10 00:00:00+00:00,52.01,-104.0
2018-09-11 00:00:00+00:00,53.32,56.0
2018-09-12 00:00:00+00:00,52.66,2.0
2018-09-13 00:00:00+00:00,53.93,62.0
2018-09-14 00:00:00+00:00,53.32,24.0
2018-09-17 00:00:00+00:00,51.9,-68.0
2018-09-18 00:00:00+00:00,51.99,-6.0
2018-09-19 00:00:00+00:00,52.02,10.0
2018-09-20 00:00:00+00:00,52.41,50.0
2018-09-21 00:00:00+00:00,51.85,-13.0
2018-09-24 00:00:00+00:00,52.6,31.0
2018-09-25 00:00:00+00:00,52.93,28.0
2018-09-26 00:00:00+00:00,52.51,23.0
2018-09-27 00:00:00+00:00,53.59,10.0
2018-09-28 00:00:00+00:00,53.77,29.0
2018-10-01 00:00:00+00:00,54.14,58.0
2018-10-02 00:00:00+00:00,54.62,27.0
2018-10-03 00:00:00+00:00,55.28,3.0
2018-10-04 00:00:00+00:00,54.31,-31.0
2018-10-05 00:00:00+00:00,53.43,-45.0
2018-10-08 00:00:00+00:00,53.31,-10.0
2018-10-09 00:00:00+00:00,54.04,30.0
2018-10-10 00:00:00+00:00,51.54,-58.0
2018-10-11 00:00:00+00:00,51.09,3.0
2018-10-12 00:00:00+00:00,52.91,33.0
2018-10-15 00:00:00+00:00,51.78,-18.0
2018-10-16 00:00:00+00:00,52.92,16.0
2018-10-17 00:00:00+00:00,52.69,0.0
2018-10-18 00:00:00+00:00,51.46,-36.0
2018-10-19 00:00:00+00:00,52.24,33.0
2018-10-22 00:00:00+00:00,52.56,17.0
2018-10-23 00:00:00+00:00,53.06,13.0
2018-10-24 00:00:00+00:00,51.24,-7.0
2018-10-25 00:00:00+00:00,52.36,-10.0
2018-10-26 00:00:00+00:00,51.53,-12.0
2018-10-29 00:00:00+00:00,50.56,-55.0
2018-10-30 00:00:00+00:00,50.81,-45.0
2018-10-31 00:00:00+00:00,52.14,34.0
2018-11-01 00:00:00+00:00,52.94,-379.0
2018-11-02 00:00:00+00:00,49.42,-223.0
2018-11-05 00:00:00+00:00,48.02,-195.0
2018-11-06 00:00:00+00:00,48.54,-6.0
2018-11-07 00:00:00+00:00,50.01,17.0
2018-11-08 00:00:00+00:00,49.84,-2.0
2018-11-09 00:00:00+00:00,48.88,-56.0
2018-11-12 00:00:00+00:00,46.42,-255.0
2018-11-13 00:00:00+00:00,45.95,-140.0
2018-11-14 00:00:00+00:00,44.65,-203.0
2018-11-15 00:00:00+00:00,45.76,-6.0
2018-11-16 00:00:00+00:00,46.26,43.0
2018-11-19 00:00:00+00:00,44.43,-267.0
2018-11-20 00:00:00+00:00,42.31,-241.0
2018-11-21 00:00:00+00:00,42.26,-106.0
2018-11-23 00:00:00+00:00,41.19,-107.0
2018-11-26 00:00:00+00:00,41.74,-193.0
2018-11-27 00:00:00+00:00,41.65,-76.0
2018-11-28 00:00:00+00:00,43.25,71.0
2018-11-29 00:00:00+00:00,42.92,13.0
2018-11-30 00:00:00+00:00,42.69,-8.0
2018-12-03 00:00:00+00:00,44.18,54.0
2018-12-04 00:00:00+00:00,42.24,-122.0
2018-12-06 00:00:00+00:00,41.77,-78.0
2018-12-07 00:00:00+00:00,40.28,-134.0
2018-12-10 00:00:00+00:00,40.54,-163.0
2018-12-11 00:00:00+00:00,40.31,-89.0
2018-12-12 00:00:00+00:00,40.42,-8.0
2018-12-13 00:00:00+00:00,40.86,14.0
2018-12-14 00:00:00+00:00,39.56,-98.0
2018-12-17 00:00:00+00:00,39.19,-53.0
2018-12-18 00:00:00+00:00,39.7,-26.0
2018-12-19 00:00:00+00:00,38.46,-73.0
2018-12-20 00:00:00+00:00,37.49,-121.0
2018-12-21 00:00:00+00:00,36.03,-148.0
2018-12-24 00:00:00+00:00,35.1,-91.0
2018-12-26 00:00:00+00:00,37.57,10.0
2018-12-27 00:00:00+00:00,37.33,-11.0
2018-12-28 00:00:00+00:00,37.35,6.0
2018-12-31 00:00:00+00:00,37.71,-3.0
2019-01-02 00:00:00+00:00,37.75,-688.0
2019-01-03 00:00:00+00:00,33.99,-1325.0
2019-01-04 00:00:00+00:00,35.44,-138.0
2019-01-07 00:00:00+00:00,35.36,-111.0
2019-01-08 00:00:00+00:00,36.04,-25.0
2019-01-09 00:00:00+00:00,36.65,-14.0
2019-01-10 00:00:00+00:00,36.77,3.0
2019-01-11 00:00:00+00:00,36.4,-58.0
2019-01-14 00:00:00+00:00,35.86,-49.0
2019-01-15 00:00:00+00:00,36.59,14.0
2019-01-16 00:00:00+00:00,37.04,-2.0
2019-01-17 00:00:00+00:00,37.26,-12.0
2019-01-18 00:00:00+00:00,37.49,-10.0
2019-01-22 00:00:00+00:00,36.65,-8.0
2019-01-23 00:00:00+00:00,36.79,-14.0
2019-01-24 00:00:00+00:00,36.5,-77.0
2019-01-25 00:00:00+00:00,37.71,19.0
2019-01-28 00:00:00+00:00,37.36,-67.0
2019-01-29 00:00:00+00:00,36.98,32.0
2019-01-30 00:00:00+00:00,39.5,56.0
2019-01-31 00:00:00+00:00,39.79,8.0
2019-02-01 00:00:00+00:00,39.81,18.0
2019-02-04 00:00:00+00:00,40.94,63.0
2019-02-05 00:00:00+00:00,41.64,46.0
2019-02-06 00:00:00+00:00,41.65,17.0
2019-02-07 00:00:00+00:00,40.86,-1.0
2019-02-08 00:00:00+00:00,40.91,-12.0
2019-02-11 00:00:00+00:00,40.68,2.0
2019-02-12 00:00:00+00:00,41.03,2.0
2019-02-13 00:00:00+00:00,40.86,-15.0
2019-02-14 00:00:00+00:00,41.0,-4.0
2019-02-15 00:00:00+00:00,40.91,-14.0
2019-02-19 00:00:00+00:00,41.04,24.0
2019-02-20 00:00:00+00:00,41.3,19.0
2019-02-21 00:00:00+00:00,41.07,-3.0
2019-02-22 00:00:00+00:00,41.53,26.0
2019-02-25 00:00:00+00:00,41.83,43.0
2019-02-26 00:00:00+00:00,41.85,15.0
2019-02-27 00:00:00+00:00,41.98,17.0
2019-02-28 00:00:00+00:00,41.57,-3.0
2019-03-01 00:00:00+00:00,42.01,13.0
2019-03-04 00:00:00+00:00,42.22,37.0
2019-03-05 00:00:00+00:00,42.14,1.0
2019-03-06 00:00:00+00:00,41.9,-18.0
2019-03-07 00:00:00+00:00,41.41,-10.0
2019-03-08 00:00:00+00:00,41.51,-4.0
2019-03-11 00:00:00+00:00,42.95,98.0
2019-03-12 00:00:00+00:00,43.43,62.0
2019-03-13 00:00:00+00:00,43.62,20.0
2019-03-14 00:00:00+00:00,44.11,31.0
2019-03-15 00:00:00+00:00,44.68,78.0
2019-03-18 00:00:00+00:00,45.14,66.0
2019-03-19 00:00:00+00:00,44.78,31.0
2019-03-20 00:00:00+00:00,45.17,47.0
2019-03-21 00:00:00+00:00,46.84,225.0
2019-03-22 00:00:00+00:00,45.87,32.0
2019-03-25 00:00:00+00:00,45.31,-75.0
2019-03-26 00:00:00+00:00,44.84,-61.0
2019-03-27 00:00:00+00:00,45.25,11.0
2019-03-28 00:00:00+00:00,45.31,-13.0
2019-03-29 00:00:00+00:00,45.6,-30.0
2019-04-01 00:00:00+00:00,45.91,-12.0
2019-04-02 00:00:00+00:00,46.58,33.0
2019-04-03 00:00:00+00:00,46.9,28.0
2019-04-04 00:00:00+00:00,46.98,8.0
2019-04-05 00:00:00+00:00,47.29,22.0
2019-04-08 00:00:00+00:00,48.04,97.0
2019-04-09 00:00:00+00:00,47.89,40.0
2019-04-10 00:00:00+00:00,48.16,-23.0
2019-04-11 00:00:00+00:00,47.76,7.0
2019-04-12 00:00:00+00:00,47.74,-28.0
2019-04-15 00:00:00+00:00,47.83,-9.0
2019-04-16 00:00:00+00:00,47.83,50.0
2019-04-17 00:00:00+00:00,48.77,71.0
2019-04-18 00:00:00+00:00,48.94,19.0
2019-04-22 00:00:00+00:00,49.1,39.0
2019-04-23 00:00:00+00:00,49.81,39.0
2019-04-24 00:00:00+00:00,49.73,30.0
2019-04-25 00:00:00+00:00,49.28,-14.0
2019-04-26 00:00:00+00:00,49.05,7.0
2019-04-29 00:00:00+00:00,49.12,-25.0
2019-04-30 00:00:00+00:00,48.18,146.0
2019-05-01 00:00:00+00:00,50.54,124.0
2019-05-02 00:00:00+00:00,50.21,5.0
2019-05-03 00:00:00+00:00,50.83,46.0
2019-05-06 00:00:00+00:00,50.05,-3.0
2019-05-07 00:00:00+00:00,48.7,-23.0
2019-05-08 00:00:00+00:00,48.71,-27.0
2019-05-09 00:00:00+00:00,48.19,8.0
2019-05-10 00:00:00+00:00,47.52,-25.0
2019-05-13 00:00:00+00:00,44.76,-169.0
2019-05-14 00:00:00+00:00,45.47,-44.0
2019-05-15 00:00:00+00:00,46.01,11.0
2019-05-16 00:00:00+00:00,45.81,-11.0
2019-05-17 00:00:00+00:00,45.55,-25.0
2019-05-20 00:00:00+00:00,44.12,-114.0
2019-05-21 00:00:00+00:00,44.97,-21.0
2019-05-22 00:00:00+00:00,44.05,-107.0
2019-05-23 00:00:00+00:00,43.3,-90.0
2019-05-24 00:00:00+00:00,43.13,-31.0
2019-05-28 00:00:00+00:00,42.95,-64.0
2019-05-29 00:00:00+00:00,42.75,-26.0
2019-05-30 00:00:00+00:00,42.97,-40.0
2019-05-31 00:00:00+00:00,42.19,-59.0
2019-06-03 00:00:00+00:00,41.76,-152.0
2019-06-04 00:00:00+00:00,43.29,5.0
2019-06-05 00:00:00+00:00,43.99,-4.0
2019-06-06 00:00:00+00:00,44.64,17.0
2019-06-07 00:00:00+00:00,45.83,4.0
2019-06-10 00:00:00+00:00,46.41,43.0
2019-06-11 00:00:00+00:00,46.95,17.0
2019-06-12 00:00:00+00:00,46.8,8.0
2019-06-13 00:00:00+00:00,46.79,-10.0
2019-06-14 00:00:00+00:00,46.45,-23.0
2019-06-17 00:00:00+00:00,46.73,-1.0
2019-06-18 00:00:00+00:00,47.83,13.0
2019-06-19 00:00:00+00:00,47.69,42.0
2019-06-20 00:00:00+00:00,48.07,-27.0
2019-06-21 00:00:00+00:00,47.91,-38.0
2019-06-24 00:00:00+00:00,47.86,-59.0
2019-06-25 00:00:00+00:00,47.13,-65.0
2019-06-26 00:00:00+00:00,48.15,-74.0
2019-06-27 00:00:00+00:00,48.14,20.0
2019-06-28 00:00:00+00:00,47.7,-79.0
2019-07-01 00:00:00+00:00,48.57,-37.0
2019-07-02 00:00:00+00:00,48.86,38.0
2019-07-03 00:00:00+00:00,49.26,-28.0
2019-07-05 00:00:00+00:00,49.22,-63.0
2019-07-08 00:00:00+00:00,48.2,-74.0
2019-07-09 00:00:00+00:00,48.5,4.0
2019-07-10 00:00:00+00:00,48.98,-76.0
2019-07-11 00:00:00+00:00,48.62,-11.0
2019-07-12 00:00:00+00:00,48.99,-49.0
2019-07-15 00:00:00+00:00,49.45,-6.0
2019-07-16 00:00:00+00:00,49.28,6.0
2019-07-17 00:00:00+00:00,49.01,-38.0
2019-07-18 00:00:00+00:00,49.56,-24.0
2019-07-19 00:00:00+00:00,48.82,-53.0
2019-07-22 00:00:00+00:00,49.94,64.0
2019-07-23 00:00:00+00:00,50.33,-12.0
2019-07-24 00:00:00+00:00,50.29,-76.0
2019-07-25 00:00:00+00:00,49.89,-8.0
2019-07-26 00:00:00+00:00,50.06,0.0
2019-07-29 00:00:00+00:00,50.53,24.0
2019-07-30 00:00:00+00:00,50.32,-151.0
2019-07-31 00:00:00+00:00,51.34,-64.0
2019-08-01 00:00:00+00:00,50.23,-26.0
2019-08-02 00:00:00+00:00,49.17,-115.0
2019-08-05 00:00:00+00:00,46.59,-127.0
2019-08-06 00:00:00+00:00,47.48,7.0
2019-08-07 00:00:00+00:00,47.97,-57.0
2019-08-08 00:00:00+00:00,49.03,-53.0
2019-08-09 00:00:00+00:00,48.62,30.0
2019-08-12 00:00:00+00:00,48.5,-55.0
2019-08-13 00:00:00+00:00,50.55,-15.0
2019-08-14 00:00:00+00:00,49.05,-63.0
2019-08-15 00:00:00+00:00,48.8,1.0
2019-08-16 00:00:00+00:00,49.95,15.0
2019-08-19 00:00:00+00:00,50.89,17.0
2019-08-20 00:00:00+00:00,50.89,4.0
2019-08-21 00:00:00+00:00,51.44,-34.0
2019-08-22 00:00:00+00:00,51.4,1.0
2019-08-23 00:00:00+00:00,49.02,-115.0
2019-08-26 00:00:00+00:00,49.95,-87.0
2019-08-27 00:00:00+00:00,49.39,-9.0
2019-08-28 00:00:00+00:00,49.72,15.0
2019-08-29 00:00:00+00:00,50.56,18.0
2019-08-30 00:00:00+00:00,50.5,-71.0
2019-09-03 00:00:00+00:00,49.76,22.0
2019-09-04 00:00:00+00:00,50.61,-62.0
2019-09-05 00:00:00+00:00,51.59,-55.0
2019-09-06 00:00:00+00:00,51.59,-13.0
2019-09-09 00:00:00+00:00,51.81,-11.0
2019-09-10 00:00:00+00:00,52.42,-99.0
2019-09-11 00:00:00+00:00,54.09,-92.0
2019-09-12 00:00:00+00:00,53.97,51.0
2019-09-13 00:00:00+00:00,52.92,34.0
2019-09-16 00:00:00+00:00,53.2,-34.0
2019-09-17 00:00:00+00:00,53.39,15.0
2019-09-18 00:00:00+00:00,53.89,4.0
2019-09-19 00:00:00+00:00,53.45,-38.0
2019-09-20 00:00:00+00:00,52.67,73.0
2019-09-23 00:00:00+00:00,52.91,84.0
2019-09-24 00:00:00+00:00,52.66,-58.0
2019-09-25 00:00:00+00:00,53.47,-45.0
2019-09-26 00:00:00+00:00,53.19,-32.0
2019-09-27 00:00:00+00:00,52.93,19.0
2019-09-30 00:00:00+00:00,54.18,37.0
2019-10-01 00:00:00+00:00,54.33,9.0
2019-10-02 00:00:00+00:00,52.97,0.0
2019-10-03 00:00:00+00:00,53.42,-20.0
2019-10-04 00:00:00+00:00,54.92,-47.0
2019-10-07 00:00:00+00:00,54.93,-4.0
2019-10-08 00:00:00+00:00,54.28,37.0
2019-10-09 00:00:00+00:00,54.92,-61.0
2019-10-10 00:00:00+00:00,55.66,-84.0
2019-10-11 00:00:00+00:00,57.14,-108.0
2019-10-14 00:00:00+00:00,57.06,-36.0
2019-10-15 00:00:00+00:00,56.93,-70.0
2019-10-16 00:00:00+00:00,56.7,-13.0
2019-10-17 00:00:00+00:00,56.92,-2.0
2019-10-18 00:00:00+00:00,57.19,5.0
2019-10-21 00:00:00+00:00,58.18,-3.0
2019-10-22 00:00:00+00:00,58.05,4.0
2019-10-23 00:00:00+00:00,58.83,-72.0
2019-10-24 00:00:00+00:00,58.92,-65.0
2019-10-25 00:00:00+00:00,59.65,-80.0
2019-10-28 00:00:00+00:00,60.25,19.0
2019-10-29 00:00:00+00:00,58.85,-31.0
2019-10-30 00:00:00+00:00,58.85,-194.0
2019-10-31 00:00:00+00:00,60.18,-126.0
2019-11-01 00:00:00+00:00,61.89,73.0
2019-11-04 00:00:00+00:00,62.29,-17.0
2019-11-05 00:00:00+00:00,62.2,-77.0
2019-11-06 00:00:00+00:00,62.23,-52.0
2019-11-07 00:00:00+00:00,62.95,-1.0
2019-11-08 00:00:00+00:00,63.12,12.0
2019-11-11 00:00:00+00:00,63.62,19.0
2019-11-12 00:00:00+00:00,63.56,37.0
2019-11-13 00:00:00+00:00,64.17,67.0
2019-11-14 00:00:00+00:00,63.73,-39.0
2019-11-15 00:00:00+00:00,64.48,25.0
2019-11-18 00:00:00+00:00,64.81,34.0
2019-11-19 00:00:00+00:00,64.61,22.0
2019-11-20 00:00:00+00:00,63.86,-40.0
2019-11-21 00:00:00+00:00,63.57,-24.0
2019-11-22 00:00:00+00:00,63.52,1.0
2019-11-25 00:00:00+00:00,64.63,42.0
2019-11-26 00:00:00+00:00,64.13,65.0
2019-11-27 00:00:00+00:00,64.99,84.0
2019-11-29 00:00:00+00:00,64.84,4.0
2019-12-02 00:00:00+00:00,64.1,-39.0
2019-12-03 00:00:00+00:00,62.95,34.0
2019-12-04 00:00:00+00:00,63.51,50.0
2019-12-05 00:00:00+00:00,64.44,55.0
2019-12-06 00:00:00+00:00,65.68,160.0
2019-12-09 00:00:00+00:00,64.76,18.0
2019-12-10 00:00:00+00:00,65.14,-11.0
2019-12-11 00:00:00+00:00,65.7,3.0
2019-12-12 00:00:00+00:00,65.87,34.0
2019-12-13 00:00:00+00:00,66.76,24.0
2019-12-16 00:00:00+00:00,67.9,28.0
2019-12-17 00:00:00+00:00,68.04,4.0
2019-12-18 00:00:00+00:00,67.88,85.0
2019-12-19 00:00:00+00:00,67.94,40.0
2019-12-20 00:00:00+00:00,67.8,-8.0
2019-12-23 00:00:00+00:00,68.91,-39.0
2019-12-24 00:00:00+00:00,68.97,-6.0
2019-12-26 00:00:00+00:00,70.34,-61.0
2019-12-27 00:00:00+00:00,70.32,-57.0
2019-12-30 00:00:00+00:00,70.73,-121.0
2019-12-31 00:00:00+00:00,71.25,18.0
2020-01-02 00:00:00+00:00,72.88,0.0
2020-01-03 00:00:00+00:00,72.17,0.0
2020-01-06 00:00:00+00:00,72.74,0.0
2020-01-07 00:00:00+00:00,72.4,0.0
2020-01-08 00:00:00+00:00,73.57,0.0
2020-01-09 00:00:00+00:00,75.13,0.0
2020-01-10 00:00:00+00:00,75.3,0.0
2020-01-13 00:00:00+00:00,76.91,0.0
2020-01-14 00:00:00+00:00,75.87,0.0
2020-01-15 00:00:00+00:00,75.54,0.0
2020-01-16 00:00:00+00:00,76.49,0.0
2020-01-17 00:00:00+00:00,77.34,0.0
2020-01-21 00:00:00+00:00,76.81,0.0
2020-01-22 00:00:00+00:00,77.09,0.0
2020-01-23 00:00:00+00:00,77.46,0.0
2020-01-24 00:00:00+00:00,77.23,0.0
2020-01-27 00:00:00+00:00,74.96,0.0
2020-01-28 00:00:00+00:00,77.08,0.0
2020-01-29 00:00:00+00:00,78.7,0.0
2020-01-30 00:00:00+00:00,78.58,0.0
2020-01-31 00:00:00+00:00,75.1,0.0
2020-02-04 00:00:00+00:00,77.36,0.0
2020-02-05 00:00:00+00:00,78.0,0.0
2020-02-06 00:00:00+00:00,78.91,0.0
2020-02-07 00:00:00+00:00,77.84,0.0
2020-02-10 00:00:00+00:00,78.21,0.0
2020-02-11 00:00:00+00:00,77.73,0.0
2020-02-12 00:00:00+00:00,79.58,0.0
2020-02-13 00:00:00+00:00,79.01,0.0
2020-02-14 00:00:00+00:00,79.03,0.0
2020-02-18 00:00:00+00:00,77.59,0.0
2020-02-19 00:00:00+00:00,78.71,0.0
2020-02-20 00:00:00+00:00,77.9,0.0
2020-02-21 00:00:00+00:00,76.14,0.0
2020-02-24 00:00:00+00:00,72.52,0.0
2020-02-25 00:00:00+00:00,70.06,0.0
2020-02-26 00:00:00+00:00,71.18,0.0
2020-02-27 00:00:00+00:00,66.52,0.0
2020-02-28 00:00:00+00:00,66.48,0.0
2020-03-02 00:00:00+00:00,72.67,0.0
2020-03-03 00:00:00+00:00,70.37,0.0
2020-03-04 00:00:00+00:00,73.63,0.0
2020-03-05 00:00:00+00:00,71.24,0.0
2020-03-06 00:00:00+00:00,70.3,0.0
2020-03-09 00:00:00+00:00,64.74,1.0
2020-03-10 00:00:00+00:00,69.4,-1.0
2020-03-11 00:00:00+00:00,66.99,7.0
2020-03-12 00:00:00+00:00,60.37,4.0
2020-03-13 00:00:00+00:00,67.61,1.0
2020-03-16 00:00:00+00:00,58.91,-2.0
2020-03-17 00:00:00+00:00,61.5,3.0
2020-03-18 00:00:00+00:00,59.99,-2.0
2020-03-19 00:00:00+00:00,59.53,1.0
2020-03-20 00:00:00+00:00,55.75,1.0
2020-03-23 00:00:00+00:00,54.57,-1.0
2020-03-24 00:00:00+00:00,60.04,1.0
2020-03-25 00:00:00+00:00,59.71,3.0
2020-03-26 00:00:00+00:00,62.86,1.0
2020-03-27 00:00:00+00:00,60.25,4.0
2020-03-30 00:00:00+00:00,61.97,1.0
2020-03-31 00:00:00+00:00,61.85,2.0
2020-04-01 00:00:00+00:00,58.59,0.0
2020-04-02 00:00:00+00:00,59.57,0.0
2020-04-03 00:00:00+00:00,58.71,0.0
2020-04-06 00:00:00+00:00,63.84,0.0
2020-04-07 00:00:00+00:00,63.1,1.0
2020-04-08 00:00:00+00:00,64.71,-2.0
2020-04-09 00:00:00+00:00,65.18,92.0
2020-04-13 00:00:00+00:00,66.46,249.0
2020-04-14 00:00:00+00:00,69.81,327.0
2020-04-15 00:00:00+00:00,69.18,149.0
2020-04-16 00:00:00+00:00,69.73,172.0
2020-04-17 00:00:00+00:00,68.78,-10.0
2020-04-20 00:00:00+00:00,67.35,118.0
2020-04-21 00:00:00+00:00,65.27,76.0
2020-04-22 00:00:00+00:00,67.15,123.0
2020-04-23 00:00:00+00:00,66.89,29.0
2020-04-24 00:00:00+00:00,68.82,64.0
2020-04-27 00:00:00+00:00,68.87,22.0
2020-04-28 00:00:00+00:00,67.75,21.0
2020-04-29 00:00:00+00:00,69.98,128.0
2020-04-30 00:00:00+00:00,71.46,6.0
2020-05-01 00:00:00+00:00,70.31,8.0
2020-05-04 00:00:00+00:00,71.3,113.0
2020-05-05 00:00:00+00:00,72.37,203.0
2020-05-06 00:00:00+00:00,73.12,131.0
2020-05-07 00:00:00+00:00,73.87,104.0
2020-05-08 00:00:00+00:00,75.63,250.0
2020-05-11 00:00:00+00:00,76.82,113.0
2020-05-12 00:00:00+00:00,75.94,2.0
2020-05-13 00:00:00+00:00,75.03,0.0
2020-05-14 00:00:00+00:00,75.49,0.0
2020-05-15 00:00:00+00:00,75.04,-1.0
2020-05-18 00:00:00+00:00,76.81,2.0
2020-05-19 00:00:00+00:00,76.37,2.0
2020-05-20 00:00:00+00:00,77.85,2.0
2020-05-21 00:00:00+00:00,77.27,1.0
2020-05-22 00:00:00+00:00,77.77,0.0
2020-05-26 00:00:00+00:00,77.24,2.0
2020-05-27 00:00:00+00:00,77.58,6.0
2020-05-28 00:00:00+00:00,77.61,128.0
2020-05-29 00:00:00+00:00,77.54,84.0
2020-06-01 00:00:00+00:00,78.49,186.0
2020-06-02 00:00:00+00:00,78.85,68.0
2020-06-03 00:00:00+00:00,79.29,150.0
2020-06-04 00:00:00+00:00,78.6,80.0
2020-06-05 00:00:00+00:00,80.84,350.0
2020-06-08 00:00:00+00:00,81.32,397.0
2020-06-09 00:00:00+00:00,83.89,408.0
2020-06-10 00:00:00+00:00,86.05,349.0
2020-06-11 00:00:00+00:00,81.92,-11.0
2020-06-12 00:00:00+00:00,82.62,0.0
2020-06-15 00:00:00+00:00,83.65,190.0
2020-06-16 00:00:00+00:00,85.86,277.0
2020-06-17 00:00:00+00:00,85.74,150.0
2020-06-18 00:00:00+00:00,85.78,67.0
2020-06-19 00:00:00+00:00,85.29,-133.0
2020-06-22 00:00:00+00:00,87.52,379.0
2020-06-23 00:00:00+00:00,89.39,586.0
2020-06-24 00:00:00+00:00,87.81,19.0
2020-06-25 00:00:00+00:00,88.97,78.0
2020-06-26 00:00:00+00:00,86.24,2.0
2020-06-29 00:00:00+00:00,88.23,230.0
2020-06-30 00:00:00+00:00,88.96,139.0
2020-07-01 00:00:00+00:00,88.8,126.0
2020-07-02 00:00:00+00:00,88.8,180.0
2020-07-06 00:00:00+00:00,91.17,448.0
2020-07-07 00:00:00+00:00,90.89,258.0
2020-07-08 00:00:00+00:00,93.01,307.0
2020-07-09 00:00:00+00:00,93.41,244.0
2020-07-10 00:00:00+00:00,93.57,263.0
2020-07-13 00:00:00+00:00,93.14,605.0
2020-07-14 00:00:00+00:00,94.68,233.0
2020-07-15 00:00:00+00:00,95.33,389.0
2020-07-16 00:00:00+00:00,94.16,134.0
2020-07-17 00:00:00+00:00,93.97,0.0
2020-07-20 00:00:00+00:00,95.95,0.0
2020-07-21 00:00:00+00:00,94.62,0.0
2020-07-22 00:00:00+00:00,94.89,0.0
2020-07-23 00:00:00+00:00,90.57,0.0
2020-07-24 00:00:00+00:00,90.34,0.0
2020-07-27 00:00:00+00:00,92.49,0.0
2020-07-28 00:00:00+00:00,90.97,0.0
2020-07-29 00:00:00+00:00,92.71,0.0
2020-07-30 00:00:00+00:00,93.83,0.0
2020-07-31 00:00:00+00:00,103.66,0.0
2020-08-03 00:00:00+00:00,106.27,0.0
2020-08-04 00:00:00+00:00,106.98,0.0
2020-08-05 00:00:00+00:00,107.36,0.0
2020-08-06 00:00:00+00:00,111.11,0.0
2020-08-07 00:00:00+00:00,108.58,0.0
2020-08-10 00:00:00+00:00,110.16,0.0
2020-08-11 00:00:00+00:00,106.89,0.0
2020-08-12 00:00:00+00:00,110.44,0.0
2020-08-13 00:00:00+00:00,112.39,0.0
2020-08-14 00:00:00+00:00,112.29,0.0
2020-08-17 00:00:00+00:00,112.0,0.0
2020-08-18 00:00:00+00:00,112.93,0.0
2020-08-19 00:00:00+00:00,113.07,0.0
2020-08-20 00:00:00+00:00,115.58,0.0
2020-08-21 00:00:00+00:00,121.54,0.0
2020-08-24 00:00:00+00:00,122.99,0.0
2020-08-25 00:00:00+00:00,121.98,0.0
2020-08-26 00:00:00+00:00,123.64,0.0
2020-08-27 00:00:00+00:00,122.17,0.0
2020-08-28 00:00:00+00:00,121.97,0.0
2020-08-31 00:00:00+00:00,126.1,0.0
2020-09-01 00:00:00+00:00,131.13,0.0
2020-09-02 00:00:00+00:00,128.41,0.0
2020-09-03 00:00:00+00:00,118.13,0.0
2020-09-04 00:00:00+00:00,118.21,0.0
2020-09-08 00:00:00+00:00,110.25,0.0
2020-09-09 00:00:00+00:00,114.65,0.0
2020-09-10 00:00:00+00:00,110.91,0.0
2020-09-11 00:00:00+00:00,109.45,0.0
2020-09-14 00:00:00+00:00,112.73,0.0
2020-09-15 00:00:00+00:00,112.91,0.0
2020-09-16 00:00:00+00:00,109.58,0.0
2020-09-17 00:00:00+00:00,107.83,0.0
2020-09-18 00:00:00+00:00,104.41,0.0
2020-09-21 00:00:00+00:00,107.58,0.0
2020-09-22 00:00:00+00:00,109.27,0.0
2020-09-23 00:00:00+00:00,104.68,0.0
2020-09-24 00:00:00+00:00,105.76,0.0
2020-09-25 00:00:00+00:00,109.73,0.0
2020-09-28 00:00:00+00:00,112.34,0.0
2020-09-29 00:00:00+00:00,111.49,0.0
2020-09-30 00:00:00+00:00,113.17,0.0
2020-10-01 00:00:00+00:00,114.13,0.0
2020-10-02 00:00:00+00:00,110.45,0.0
2020-10-05 00:00:00+00:00,113.85,0.0
2020-10-06 00:00:00+00:00,110.59,0.0
2020-10-07 00:00:00+00:00,112.46,0.0
2020-10-08 00:00:00+00:00,112.35,0.0
2020-10-09 00:00:00+00:00,114.31,0.0
2020-10-12 00:00:00+00:00,121.57,0.0
2020-10-13 00:00:00+00:00,118.34,0.0
2020-10-14 00:00:00+00:00,118.43,0.0
2020-10-15 00:00:00+00:00,117.96,0.0
2020-10-16 00:00:00+00:00,116.31,0.0
2020-10-19 00:00:00+00:00,113.34,0.0
2020-10-20 00:00:00+00:00,114.84,0.0
2020-10-21 00:00:00+00:00,114.21,0.0
2020-10-22 00:00:00+00:00,113.12,0.0
2020-10-23 00:00:00+00:00,112.42,0.0
2020-10-26 00:00:00+00:00,112.43,0.0
2020-10-27 00:00:00+00:00,113.95,0.0
2020-10-28 00:00:00+00:00,108.67,0.0
2020-10-29 00:00:00+00:00,112.7,0.0
2020-10-30 00:00:00+00:00,106.38,0.0
2020-11-02 00:00:00+00:00,106.29,0.0
2020-11-03 00:00:00+00:00,107.93,0.0
2020-11-04 00:00:00+00:00,112.33,0.0
2020-11-05 00:00:00+00:00,116.32,0.0
2020-11-06 00:00:00+00:00,116.19,0.0
2020-11-09 00:00:00+00:00,113.87,0.0
2020-11-10 00:00:00+00:00,113.53,0.0
2020-11-11 00:00:00+00:00,116.97,0.0
2020-11-12 00:00:00+00:00,116.7,0.0
2020-11-13 00:00:00+00:00,116.75,0.0
2020-11-16 00:00:00+00:00,117.77,0.0
2020-11-17 00:00:00+00:00,116.87,0.0
2020-11-18 00:00:00+00:00,115.54,0.0
2020-11-19 00:00:00+00:00,116.14,0.0
2020-11-20 00:00:00+00:00,114.87,0.0
2020-11-23 00:00:00+00:00,111.45,0.0
2020-11-24 00:00:00+00:00,112.74,0.0
2020-11-25 00:00:00+00:00,113.59,0.0
2020-11-27 00:00:00+00:00,114.13,0.0
2020-11-30 00:00:00+00:00,116.54,0.0
2020-12-01 00:00:00+00:00,120.13,0.0
2020-12-02 00:00:00+00:00,120.49,0.0
2020-12-03 00:00:00+00:00,120.35,0.0
2020-12-04 00:00:00+00:00,119.67,0.0
2020-12-07 00:00:00+00:00,121.14,0.0
2020-12-08 00:00:00+00:00,121.76,0.0
2020-12-09 00:00:00+00:00,119.21,0.0
2020-12-10 00:00:00+00:00,120.64,0.0
2020-12-11 00:00:00+00:00,119.83,0.0
2020-12-14 00:00:00+00:00,119.21,0.0
2020-12-15 00:00:00+00:00,125.19,0.0
2020-12-16 00:00:00+00:00,125.12,0.0
2020-12-17 00:00:00+00:00,125.99,0.0
2020-12-18 00:00:00+00:00,123.99,0.0
2020-12-21 00:00:00+00:00,125.53,0.0
2020-12-22 00:00:00+00:00,129.1,0.0
2020-12-23 00:00:00+00:00,128.2,0.0
