,Date,value
0,2012-01-03 00:00:00+00:00,10
1,2012-01-04 00:00:00+00:00,9
2,2012-01-05 00:00:00+00:00,22
3,2012-01-06 00:00:00+00:00,6
4,2012-01-09 00:00:00+00:00,1
5,2012-01-10 00:00:00+00:00,26
6,2012-01-11 00:00:00+00:00,41
7,2012-01-12 00:00:00+00:00,14
8,2012-01-13 00:00:00+00:00,13
9,2012-01-17 00:00:00+00:00,17
10,2012-01-18 00:00:00+00:00,13
11,2012-01-19 00:00:00+00:00,23
12,2012-01-20 00:00:00+00:00,15
13,2012-01-23 00:00:00+00:00,19
14,2012-01-24 00:00:00+00:00,11
15,2012-01-25 00:00:00+00:00,4
16,2012-01-26 00:00:00+00:00,38
17,2012-01-27 00:00:00+00:00,14
18,2012-01-30 00:00:00+00:00,27
19,2012-01-31 00:00:00+00:00,36
20,2012-02-01 00:00:00+00:00,7
21,2012-02-02 00:00:00+00:00,36
22,2012-02-03 00:00:00+00:00,22
23,2012-02-06 00:00:00+00:00,25
24,2012-02-07 00:00:00+00:00,16
25,2012-02-08 00:00:00+00:00,26
26,2012-02-09 00:00:00+00:00,24
27,2012-02-10 00:00:00+00:00,-1
28,2012-02-13 00:00:00+00:00,28
29,2012-02-14 00:00:00+00:00,6
30,2012-02-15 00:00:00+00:00,16
31,2012-02-16 00:00:00+00:00,23
32,2012-02-17 00:00:00+00:00,15
33,2012-02-21 00:00:00+00:00,19
34,2012-02-22 00:00:00+00:00,30
35,2012-02-23 00:00:00+00:00,13
36,2012-02-24 00:00:00+00:00,6
37,2012-02-27 00:00:00+00:00,9
38,2012-02-28 00:00:00+00:00,20
39,2012-02-29 00:00:00+00:00,11
40,2012-03-01 00:00:00+00:00,2
41,2012-03-02 00:00:00+00:00,16
42,2012-03-05 00:00:00+00:00,11
43,2012-03-06 00:00:00+00:00,14
44,2012-03-07 00:00:00+00:00,-8
45,2012-03-08 00:00:00+00:00,4
46,2012-03-09 00:00:00+00:00,12
47,2012-03-12 00:00:00+00:00,7
48,2012-03-13 00:00:00+00:00,24
49,2012-03-14 00:00:00+00:00,11
50,2012-03-15 00:00:00+00:00,10
51,2012-03-16 00:00:00+00:00,8
52,2012-03-19 00:00:00+00:00,17
53,2012-03-20 00:00:00+00:00,26
54,2012-03-21 00:00:00+00:00,12
55,2012-03-22 00:00:00+00:00,9
56,2012-03-23 00:00:00+00:00,13
57,2012-03-26 00:00:00+00:00,7
58,2012-03-27 00:00:00+00:00,1
59,2012-03-28 00:00:00+00:00,14
60,2012-03-29 00:00:00+00:00,19
61,2012-03-30 00:00:00+00:00,14
62,2012-04-02 00:00:00+00:00,4
63,2012-04-03 00:00:00+00:00,-1
64,2012-04-04 00:00:00+00:00,24
65,2012-04-05 00:00:00+00:00,20
66,2012-04-09 00:00:00+00:00,6
67,2012-04-10 00:00:00+00:00,18
68,2012-04-11 00:00:00+00:00,-5
69,2012-04-12 00:00:00+00:00,18
70,2012-04-13 00:00:00+00:00,14
71,2012-04-16 00:00:00+00:00,3
72,2012-04-17 00:00:00+00:00,26
73,2012-04-18 00:00:00+00:00,28
74,2012-04-19 00:00:00+00:00,2
75,2012-04-20 00:00:00+00:00,4
76,2012-04-23 00:00:00+00:00,1
77,2012-04-24 00:00:00+00:00,10
78,2012-04-25 00:00:00+00:00,1
79,2012-04-26 00:00:00+00:00,9
80,2012-04-27 00:00:00+00:00,15
81,2012-04-30 00:00:00+00:00,8
82,2012-05-01 00:00:00+00:00,22
83,2012-05-02 00:00:00+00:00,7
84,2012-05-03 00:00:00+00:00,-9
85,2012-05-04 00:00:00+00:00,17
86,2012-05-07 00:00:00+00:00,13
87,2012-05-08 00:00:00+00:00,-6
88,2012-05-09 00:00:00+00:00,26
89,2012-05-10 00:00:00+00:00,0
90,2012-05-11 00:00:00+00:00,11
91,2012-05-14 00:00:00+00:00,-13
92,2012-05-15 00:00:00+00:00,-7
93,2012-05-16 00:00:00+00:00,7
94,2012-05-17 00:00:00+00:00,4
95,2012-05-18 00:00:00+00:00,17
96,2012-05-21 00:00:00+00:00,8
97,2012-05-22 00:00:00+00:00,11
98,2012-05-23 00:00:00+00:00,-3
99,2012-05-24 00:00:00+00:00,15
100,2012-05-25 00:00:00+00:00,-7
101,2012-05-29 00:00:00+00:00,16
102,2012-05-30 00:00:00+00:00,21
103,2012-05-31 00:00:00+00:00,20
104,2012-06-01 00:00:00+00:00,12
105,2012-06-04 00:00:00+00:00,2
106,2012-06-05 00:00:00+00:00,-4
107,2012-06-06 00:00:00+00:00,-4
108,2012-06-07 00:00:00+00:00,8
109,2012-06-08 00:00:00+00:00,14
110,2012-06-11 00:00:00+00:00,3
111,2012-06-12 00:00:00+00:00,7
112,2012-06-13 00:00:00+00:00,4
113,2012-06-14 00:00:00+00:00,-2
114,2012-06-15 00:00:00+00:00,7
115,2012-06-18 00:00:00+00:00,10
116,2012-06-19 00:00:00+00:00,5
117,2012-06-20 00:00:00+00:00,-15
118,2012-06-21 00:00:00+00:00,0
119,2012-06-22 00:00:00+00:00,8
120,2012-06-25 00:00:00+00:00,12
121,2012-06-26 00:00:00+00:00,6
122,2012-06-27 00:00:00+00:00,-7
123,2012-06-28 00:00:00+00:00,-3
124,2012-06-29 00:00:00+00:00,7
125,2012-07-02 00:00:00+00:00,4
126,2012-07-03 00:00:00+00:00,6
127,2012-07-05 00:00:00+00:00,20
128,2012-07-06 00:00:00+00:00,14
129,2012-07-09 00:00:00+00:00,7
130,2012-07-10 00:00:00+00:00,4
131,2012-07-11 00:00:00+00:00,2
132,2012-07-12 00:00:00+00:00,-7
133,2012-07-13 00:00:00+00:00,11
134,2012-07-16 00:00:00+00:00,7
135,2012-07-17 00:00:00+00:00,22
136,2012-07-18 00:00:00+00:00,14
137,2012-07-19 00:00:00+00:00,12
138,2012-07-20 00:00:00+00:00,10
139,2012-07-23 00:00:00+00:00,12
140,2012-07-24 00:00:00+00:00,1
141,2012-07-25 00:00:00+00:00,1
142,2012-07-26 00:00:00+00:00,6
143,2012-07-27 00:00:00+00:00,-19
144,2012-07-30 00:00:00+00:00,-13
145,2012-07-31 00:00:00+00:00,-7
146,2012-08-01 00:00:00+00:00,7
147,2012-08-02 00:00:00+00:00,1
148,2012-08-03 00:00:00+00:00,9
149,2012-08-06 00:00:00+00:00,39
150,2012-08-07 00:00:00+00:00,5
151,2012-08-08 00:00:00+00:00,17
152,2012-08-09 00:00:00+00:00,-5
153,2012-08-10 00:00:00+00:00,-4
154,2012-08-13 00:00:00+00:00,19
155,2012-08-14 00:00:00+00:00,12
156,2012-08-15 00:00:00+00:00,-6
157,2012-08-16 00:00:00+00:00,0
158,2012-08-17 00:00:00+00:00,13
159,2012-08-20 00:00:00+00:00,18
160,2012-08-21 00:00:00+00:00,25
161,2012-08-22 00:00:00+00:00,5
162,2012-08-23 00:00:00+00:00,16
163,2012-08-24 00:00:00+00:00,12
164,2012-08-27 00:00:00+00:00,-2
165,2012-08-28 00:00:00+00:00,4
166,2012-08-29 00:00:00+00:00,5
167,2012-08-30 00:00:00+00:00,-13
168,2012-08-31 00:00:00+00:00,16
169,2012-09-04 00:00:00+00:00,3
170,2012-09-05 00:00:00+00:00,-2
171,2012-09-06 00:00:00+00:00,2
172,2012-09-07 00:00:00+00:00,5
173,2012-09-10 00:00:00+00:00,15
174,2012-09-11 00:00:00+00:00,12
175,2012-09-12 00:00:00+00:00,7
176,2012-09-13 00:00:00+00:00,0
177,2012-09-14 00:00:00+00:00,5
178,2012-09-17 00:00:00+00:00,5
179,2012-09-18 00:00:00+00:00,13
180,2012-09-19 00:00:00+00:00,4
181,2012-09-20 00:00:00+00:00,2
182,2012-09-21 00:00:00+00:00,7
183,2012-09-24 00:00:00+00:00,3
184,2012-09-25 00:00:00+00:00,8
185,2012-09-26 00:00:00+00:00,-7
186,2012-09-27 00:00:00+00:00,1
187,2012-09-28 00:00:00+00:00,-4
188,2012-10-01 00:00:00+00:00,13
189,2012-10-02 00:00:00+00:00,27
190,2012-10-03 00:00:00+00:00,12
191,2012-10-04 00:00:00+00:00,6
192,2012-10-05 00:00:00+00:00,5
193,2012-10-08 00:00:00+00:00,1
194,2012-10-09 00:00:00+00:00,8
195,2012-10-10 00:00:00+00:00,3
196,2012-10-11 00:00:00+00:00,19
197,2012-10-12 00:00:00+00:00,12
198,2012-10-15 00:00:00+00:00,17
199,2012-10-16 00:00:00+00:00,21
200,2012-10-17 00:00:00+00:00,15
201,2012-10-18 00:00:00+00:00,8
202,2012-10-19 00:00:00+00:00,11
203,2012-10-22 00:00:00+00:00,-11
204,2012-10-23 00:00:00+00:00,8
205,2012-10-24 00:00:00+00:00,-13
206,2012-10-25 00:00:00+00:00,2
207,2012-10-26 00:00:00+00:00,6
208,2012-10-31 00:00:00+00:00,21
209,2012-11-01 00:00:00+00:00,18
210,2012-11-02 00:00:00+00:00,22
211,2012-11-05 00:00:00+00:00,12
212,2012-11-06 00:00:00+00:00,22
213,2012-11-07 00:00:00+00:00,28
214,2012-11-08 00:00:00+00:00,24
215,2012-11-09 00:00:00+00:00,38
216,2012-11-12 00:00:00+00:00,19
217,2012-11-13 00:00:00+00:00,17
218,2012-11-14 00:00:00+00:00,25
219,2012-11-15 00:00:00+00:00,21
220,2012-11-16 00:00:00+00:00,13
221,2012-11-19 00:00:00+00:00,17
222,2012-11-20 00:00:00+00:00,-3
223,2012-11-21 00:00:00+00:00,10
224,2012-11-23 00:00:00+00:00,2
225,2012-11-26 00:00:00+00:00,10
226,2012-11-27 00:00:00+00:00,27
227,2012-11-28 00:00:00+00:00,-9
228,2012-11-29 00:00:00+00:00,8
229,2012-11-30 00:00:00+00:00,-17
230,2012-12-03 00:00:00+00:00,5
231,2012-12-04 00:00:00+00:00,-5
232,2012-12-05 00:00:00+00:00,14
233,2012-12-06 00:00:00+00:00,22
234,2012-12-07 00:00:00+00:00,2
235,2012-12-10 00:00:00+00:00,11
236,2012-12-11 00:00:00+00:00,13
237,2012-12-12 00:00:00+00:00,6
238,2012-12-13 00:00:00+00:00,-3
239,2012-12-14 00:00:00+00:00,0
240,2012-12-17 00:00:00+00:00,10
241,2012-12-18 00:00:00+00:00,4
242,2012-12-19 00:00:00+00:00,4
243,2012-12-20 00:00:00+00:00,3
244,2012-12-21 00:00:00+00:00,3
245,2012-12-24 00:00:00+00:00,2
246,2012-12-26 00:00:00+00:00,2
247,2012-12-27 00:00:00+00:00,2
248,2012-12-28 00:00:00+00:00,-3
249,2012-12-31 00:00:00+00:00,1
250,2013-01-02 00:00:00+00:00,25
251,2013-01-03 00:00:00+00:00,6
252,2013-01-04 00:00:00+00:00,16
253,2013-01-07 00:00:00+00:00,8
254,2013-01-08 00:00:00+00:00,12
255,2013-01-09 00:00:00+00:00,29
256,2013-01-10 00:00:00+00:00,8
257,2013-01-11 00:00:00+00:00,1
258,2013-01-14 00:00:00+00:00,22
259,2013-01-15 00:00:00+00:00,4
260,2013-01-16 00:00:00+00:00,-3
261,2013-01-17 00:00:00+00:00,19
262,2013-01-18 00:00:00+00:00,16
263,2013-01-22 00:00:00+00:00,13
264,2013-01-23 00:00:00+00:00,16
265,2013-01-24 00:00:00+00:00,16
266,2013-01-25 00:00:00+00:00,34
267,2013-01-28 00:00:00+00:00,4
268,2013-01-29 00:00:00+00:00,9
269,2013-01-30 00:00:00+00:00,11
270,2013-01-31 00:00:00+00:00,4
271,2013-02-01 00:00:00+00:00,12
272,2013-02-04 00:00:00+00:00,21
273,2013-02-05 00:00:00+00:00,13
274,2013-02-06 00:00:00+00:00,13
275,2013-02-07 00:00:00+00:00,13
276,2013-02-08 00:00:00+00:00,24
277,2013-02-11 00:00:00+00:00,19
278,2013-02-12 00:00:00+00:00,10
279,2013-02-13 00:00:00+00:00,24
280,2013-02-14 00:00:00+00:00,18
281,2013-02-15 00:00:00+00:00,-8
282,2013-02-19 00:00:00+00:00,51
283,2013-02-20 00:00:00+00:00,16
284,2013-02-21 00:00:00+00:00,12
285,2013-02-22 00:00:00+00:00,-5
286,2013-02-25 00:00:00+00:00,7
287,2013-02-26 00:00:00+00:00,18
288,2013-02-27 00:00:00+00:00,15
289,2013-02-28 00:00:00+00:00,-6
290,2013-03-01 00:00:00+00:00,-1
291,2013-03-04 00:00:00+00:00,17
292,2013-03-05 00:00:00+00:00,17
293,2013-03-06 00:00:00+00:00,11
294,2013-03-07 00:00:00+00:00,12
295,2013-03-08 00:00:00+00:00,25
296,2013-03-11 00:00:00+00:00,23
297,2013-03-12 00:00:00+00:00,0
298,2013-03-13 00:00:00+00:00,13
299,2013-03-14 00:00:00+00:00,34
300,2013-03-15 00:00:00+00:00,13
301,2013-03-18 00:00:00+00:00,19
302,2013-03-19 00:00:00+00:00,18
303,2013-03-20 00:00:00+00:00,19
304,2013-03-21 00:00:00+00:00,13
305,2013-03-22 00:00:00+00:00,33
306,2013-03-25 00:00:00+00:00,15
307,2013-03-26 00:00:00+00:00,13
308,2013-03-27 00:00:00+00:00,8
309,2013-03-28 00:00:00+00:00,18
310,2013-04-01 00:00:00+00:00,-3
311,2013-04-02 00:00:00+00:00,15
312,2013-04-03 00:00:00+00:00,3
313,2013-04-04 00:00:00+00:00,7
314,2013-04-05 00:00:00+00:00,-6
315,2013-04-08 00:00:00+00:00,16
316,2013-04-09 00:00:00+00:00,22
317,2013-04-10 00:00:00+00:00,20
318,2013-04-11 00:00:00+00:00,8
319,2013-04-12 00:00:00+00:00,-4
320,2013-04-15 00:00:00+00:00,4
321,2013-04-16 00:00:00+00:00,7
322,2013-04-17 00:00:00+00:00,-5
323,2013-04-18 00:00:00+00:00,8
324,2013-04-19 00:00:00+00:00,25
325,2013-04-22 00:00:00+00:00,22
326,2013-04-23 00:00:00+00:00,26
327,2013-04-24 00:00:00+00:00,6
328,2013-04-25 00:00:00+00:00,13
329,2013-04-26 00:00:00+00:00,4
330,2013-04-29 00:00:00+00:00,2
331,2013-04-30 00:00:00+00:00,10
332,2013-05-01 00:00:00+00:00,10
333,2013-05-02 00:00:00+00:00,-1
334,2013-05-03 00:00:00+00:00,25
335,2013-05-06 00:00:00+00:00,12
336,2013-05-07 00:00:00+00:00,34
337,2013-05-08 00:00:00+00:00,14
338,2013-05-09 00:00:00+00:00,5
339,2013-05-10 00:00:00+00:00,6
340,2013-05-13 00:00:00+00:00,0
341,2013-05-14 00:00:00+00:00,13
342,2013-05-15 00:00:00+00:00,19
343,2013-05-16 00:00:00+00:00,1
344,2013-05-17 00:00:00+00:00,-1
345,2013-05-20 00:00:00+00:00,7
346,2013-05-21 00:00:00+00:00,20
347,2013-05-22 00:00:00+00:00,16
348,2013-05-23 00:00:00+00:00,9
349,2013-05-24 00:00:00+00:00,0
350,2013-05-28 00:00:00+00:00,12
351,2013-05-29 00:00:00+00:00,0
352,2013-05-30 00:00:00+00:00,23
353,2013-05-31 00:00:00+00:00,3
354,2013-06-03 00:00:00+00:00,25
355,2013-06-04 00:00:00+00:00,4
356,2013-06-05 00:00:00+00:00,8
357,2013-06-06 00:00:00+00:00,15
358,2013-06-07 00:00:00+00:00,4
359,2013-06-10 00:00:00+00:00,7
360,2013-06-11 00:00:00+00:00,1
361,2013-06-12 00:00:00+00:00,-2
362,2013-06-13 00:00:00+00:00,13
363,2013-06-14 00:00:00+00:00,0
364,2013-06-17 00:00:00+00:00,11
365,2013-06-18 00:00:00+00:00,17
366,2013-06-19 00:00:00+00:00,-4
367,2013-06-20 00:00:00+00:00,15
368,2013-06-21 00:00:00+00:00,4
369,2013-06-24 00:00:00+00:00,8
370,2013-06-25 00:00:00+00:00,6
371,2013-06-26 00:00:00+00:00,34
372,2013-06-27 00:00:00+00:00,5
373,2013-06-28 00:00:00+00:00,16
374,2013-07-01 00:00:00+00:00,12
375,2013-07-02 00:00:00+00:00,14
376,2013-07-03 00:00:00+00:00,2
377,2013-07-05 00:00:00+00:00,7
378,2013-07-08 00:00:00+00:00,7
379,2013-07-09 00:00:00+00:00,25
380,2013-07-10 00:00:00+00:00,14
381,2013-07-11 00:00:00+00:00,20
382,2013-07-12 00:00:00+00:00,12
383,2013-07-15 00:00:00+00:00,9
384,2013-07-16 00:00:00+00:00,6
385,2013-07-17 00:00:00+00:00,-9
386,2013-07-18 00:00:00+00:00,2
387,2013-07-19 00:00:00+00:00,13
388,2013-07-22 00:00:00+00:00,8
389,2013-07-23 00:00:00+00:00,28
390,2013-07-24 00:00:00+00:00,32
391,2013-07-25 00:00:00+00:00,23
392,2013-07-26 00:00:00+00:00,13
393,2013-07-29 00:00:00+00:00,-5
394,2013-07-30 00:00:00+00:00,19
395,2013-07-31 00:00:00+00:00,13
396,2013-08-01 00:00:00+00:00,27
397,2013-08-02 00:00:00+00:00,10
398,2013-08-05 00:00:00+00:00,13
399,2013-08-06 00:00:00+00:00,21
400,2013-08-07 00:00:00+00:00,6
401,2013-08-08 00:00:00+00:00,25
402,2013-08-09 00:00:00+00:00,7
403,2013-08-12 00:00:00+00:00,4
404,2013-08-13 00:00:00+00:00,16
405,2013-08-14 00:00:00+00:00,-4
406,2013-08-15 00:00:00+00:00,10
407,2013-08-16 00:00:00+00:00,14
408,2013-08-19 00:00:00+00:00,16
409,2013-08-20 00:00:00+00:00,9
410,2013-08-21 00:00:00+00:00,16
411,2013-08-22 00:00:00+00:00,1
412,2013-08-23 00:00:00+00:00,13
413,2013-08-26 00:00:00+00:00,5
414,2013-08-27 00:00:00+00:00,1
415,2013-08-28 00:00:00+00:00,8
416,2013-08-29 00:00:00+00:00,2
417,2013-08-30 00:00:00+00:00,1
418,2013-09-03 00:00:00+00:00,11
419,2013-09-04 00:00:00+00:00,16
420,2013-09-05 00:00:00+00:00,11
421,2013-09-06 00:00:00+00:00,1
422,2013-09-09 00:00:00+00:00,18
423,2013-09-10 00:00:00+00:00,19
424,2013-09-11 00:00:00+00:00,7
425,2013-09-12 00:00:00+00:00,17
426,2013-09-13 00:00:00+00:00,22
427,2013-09-16 00:00:00+00:00,15
428,2013-09-17 00:00:00+00:00,19
429,2013-09-18 00:00:00+00:00,8
430,2013-09-19 00:00:00+00:00,12
431,2013-09-20 00:00:00+00:00,4
432,2013-09-23 00:00:00+00:00,4
433,2013-09-24 00:00:00+00:00,7
434,2013-09-25 00:00:00+00:00,11
435,2013-09-26 00:00:00+00:00,7
436,2013-09-27 00:00:00+00:00,5
437,2013-09-30 00:00:00+00:00,10
438,2013-10-01 00:00:00+00:00,27
439,2013-10-02 00:00:00+00:00,15
440,2013-10-03 00:00:00+00:00,0
441,2013-10-04 00:00:00+00:00,6
442,2013-10-07 00:00:00+00:00,19
443,2013-10-08 00:00:00+00:00,5
444,2013-10-09 00:00:00+00:00,-2
445,2013-10-10 00:00:00+00:00,7
446,2013-10-11 00:00:00+00:00,13
447,2013-10-14 00:00:00+00:00,17
448,2013-10-15 00:00:00+00:00,7
449,2013-10-16 00:00:00+00:00,3
450,2013-10-17 00:00:00+00:00,14
451,2013-10-18 00:00:00+00:00,17
452,2013-10-21 00:00:00+00:00,3
453,2013-10-22 00:00:00+00:00,15
454,2013-10-23 00:00:00+00:00,6
455,2013-10-24 00:00:00+00:00,32
456,2013-10-25 00:00:00+00:00,16
457,2013-10-28 00:00:00+00:00,5
458,2013-10-29 00:00:00+00:00,17
459,2013-10-30 00:00:00+00:00,16
460,2013-10-31 00:00:00+00:00,9
461,2013-11-01 00:00:00+00:00,12
462,2013-11-04 00:00:00+00:00,18
463,2013-11-05 00:00:00+00:00,21
464,2013-11-06 00:00:00+00:00,4
465,2013-11-07 00:00:00+00:00,12
466,2013-11-08 00:00:00+00:00,6
467,2013-11-11 00:00:00+00:00,-4
468,2013-11-12 00:00:00+00:00,5
469,2013-11-13 00:00:00+00:00,16
470,2013-11-14 00:00:00+00:00,17
471,2013-11-15 00:00:00+00:00,20
472,2013-11-18 00:00:00+00:00,28
473,2013-11-19 00:00:00+00:00,10
474,2013-11-20 00:00:00+00:00,7
475,2013-11-21 00:00:00+00:00,17
476,2013-11-22 00:00:00+00:00,16
477,2013-11-25 00:00:00+00:00,18
478,2013-11-26 00:00:00+00:00,12
479,2013-11-27 00:00:00+00:00,11
480,2013-11-29 00:00:00+00:00,9
481,2013-12-02 00:00:00+00:00,14
482,2013-12-03 00:00:00+00:00,17
483,2013-12-04 00:00:00+00:00,12
484,2013-12-05 00:00:00+00:00,15
485,2013-12-06 00:00:00+00:00,10
486,2013-12-09 00:00:00+00:00,26
487,2013-12-10 00:00:00+00:00,8
488,2013-12-11 00:00:00+00:00,9
489,2013-12-12 00:00:00+00:00,0
490,2013-12-13 00:00:00+00:00,13
491,2013-12-16 00:00:00+00:00,28
492,2013-12-17 00:00:00+00:00,15
493,2013-12-18 00:00:00+00:00,17
494,2013-12-19 00:00:00+00:00,9
495,2013-12-20 00:00:00+00:00,20
496,2013-12-23 00:00:00+00:00,25
497,2013-12-24 00:00:00+00:00,8
498,2013-12-26 00:00:00+00:00,3
499,2013-12-27 00:00:00+00:00,14
500,2013-12-30 00:00:00+00:00,22
501,2013-12-31 00:00:00+00:00,12
502,2014-01-02 00:00:00+00:00,14
503,2014-01-03 00:00:00+00:00,9
504,2014-01-06 00:00:00+00:00,5
505,2014-01-07 00:00:00+00:00,26
506,2014-01-08 00:00:00+00:00,6
507,2014-01-09 00:00:00+00:00,12
508,2014-01-10 00:00:00+00:00,11
509,2014-01-13 00:00:00+00:00,11
510,2014-01-14 00:00:00+00:00,26
511,2014-01-15 00:00:00+00:00,7
512,2014-01-16 00:00:00+00:00,7
513,2014-01-17 00:00:00+00:00,-5
514,2014-01-21 00:00:00+00:00,23
515,2014-01-22 00:00:00+00:00,16
516,2014-01-23 00:00:00+00:00,9
517,2014-01-24 00:00:00+00:00,0
518,2014-01-27 00:00:00+00:00,2
519,2014-01-28 00:00:00+00:00,10
520,2014-01-29 00:00:00+00:00,0
521,2014-01-30 00:00:00+00:00,26
522,2014-01-31 00:00:00+00:00,16
523,2014-02-03 00:00:00+00:00,13
524,2014-02-04 00:00:00+00:00,12
525,2014-02-05 00:00:00+00:00,14
526,2014-02-06 00:00:00+00:00,17
527,2014-02-07 00:00:00+00:00,11
528,2014-02-10 00:00:00+00:00,31
529,2014-02-11 00:00:00+00:00,16
530,2014-02-12 00:00:00+00:00,0
531,2014-02-13 00:00:00+00:00,12
532,2014-02-14 00:00:00+00:00,15
533,2014-02-18 00:00:00+00:00,14
534,2014-02-19 00:00:00+00:00,14
535,2014-02-20 00:00:00+00:00,-10
536,2014-02-21 00:00:00+00:00,-2
537,2014-02-24 00:00:00+00:00,15
538,2014-02-25 00:00:00+00:00,-13
539,2014-02-26 00:00:00+00:00,17
540,2014-02-27 00:00:00+00:00,25
541,2014-02-28 00:00:00+00:00,2
542,2014-03-03 00:00:00+00:00,6
543,2014-03-04 00:00:00+00:00,25
544,2014-03-05 00:00:00+00:00,22
545,2014-03-06 00:00:00+00:00,23
546,2014-03-07 00:00:00+00:00,13
547,2014-03-10 00:00:00+00:00,9
548,2014-03-11 00:00:00+00:00,-20
549,2014-03-12 00:00:00+00:00,-6
550,2014-03-13 00:00:00+00:00,10
551,2014-03-14 00:00:00+00:00,5
552,2014-03-17 00:00:00+00:00,29
553,2014-03-18 00:00:00+00:00,19
554,2014-03-19 00:00:00+00:00,0
555,2014-03-20 00:00:00+00:00,9
556,2014-03-21 00:00:00+00:00,6
557,2014-03-24 00:00:00+00:00,13
558,2014-03-25 00:00:00+00:00,18
559,2014-03-26 00:00:00+00:00,9
560,2014-03-27 00:00:00+00:00,4
561,2014-03-28 00:00:00+00:00,11
562,2014-03-31 00:00:00+00:00,24
563,2014-04-01 00:00:00+00:00,38
564,2014-04-02 00:00:00+00:00,19
565,2014-04-03 00:00:00+00:00,10
566,2014-04-04 00:00:00+00:00,-4
567,2014-04-07 00:00:00+00:00,-6
568,2014-04-08 00:00:00+00:00,2
569,2014-04-09 00:00:00+00:00,0
570,2014-04-10 00:00:00+00:00,9
571,2014-04-11 00:00:00+00:00,-1
572,2014-04-14 00:00:00+00:00,14
573,2014-04-15 00:00:00+00:00,12
574,2014-04-16 00:00:00+00:00,21
575,2014-04-17 00:00:00+00:00,7
576,2014-04-21 00:00:00+00:00,21
577,2014-04-22 00:00:00+00:00,28
578,2014-04-23 00:00:00+00:00,22
579,2014-04-24 00:00:00+00:00,19
580,2014-04-25 00:00:00+00:00,-4
581,2014-04-28 00:00:00+00:00,3
582,2014-04-29 00:00:00+00:00,26
583,2014-04-30 00:00:00+00:00,17
584,2014-05-01 00:00:00+00:00,19
585,2014-05-02 00:00:00+00:00,6
586,2014-05-05 00:00:00+00:00,8
587,2014-05-06 00:00:00+00:00,-8
588,2014-05-07 00:00:00+00:00,13
589,2014-05-08 00:00:00+00:00,4
590,2014-05-09 00:00:00+00:00,-1
591,2014-05-12 00:00:00+00:00,22
592,2014-05-13 00:00:00+00:00,19
593,2014-05-14 00:00:00+00:00,14
594,2014-05-15 00:00:00+00:00,2
595,2014-05-16 00:00:00+00:00,9
596,2014-05-19 00:00:00+00:00,20
597,2014-05-20 00:00:00+00:00,12
598,2014-05-21 00:00:00+00:00,16
599,2014-05-22 00:00:00+00:00,9
600,2014-05-23 00:00:00+00:00,3
601,2014-05-27 00:00:00+00:00,18
602,2014-05-28 00:00:00+00:00,3
603,2014-05-29 00:00:00+00:00,16
604,2014-05-30 00:00:00+00:00,6
605,2014-06-02 00:00:00+00:00,11
606,2014-06-03 00:00:00+00:00,2
607,2014-06-04 00:00:00+00:00,14
608,2014-06-05 00:00:00+00:00,4
609,2014-06-06 00:00:00+00:00,11
610,2014-06-09 00:00:00+00:00,28
611,2014-06-10 00:00:00+00:00,6
612,2014-06-11 00:00:00+00:00,21
613,2014-06-12 00:00:00+00:00,12
614,2014-06-13 00:00:00+00:00,17
615,2014-06-16 00:00:00+00:00,5
616,2014-06-17 00:00:00+00:00,18
617,2014-06-18 00:00:00+00:00,13
618,2014-06-19 00:00:00+00:00,16
619,2014-06-20 00:00:00+00:00,3
620,2014-06-23 00:00:00+00:00,10
621,2014-06-24 00:00:00+00:00,26
622,2014-06-25 00:00:00+00:00,7
623,2014-06-26 00:00:00+00:00,16
624,2014-06-27 00:00:00+00:00,9
625,2014-06-30 00:00:00+00:00,19
626,2014-07-01 00:00:00+00:00,16
627,2014-07-02 00:00:00+00:00,13
628,2014-07-03 00:00:00+00:00,8
629,2014-07-07 00:00:00+00:00,22
630,2014-07-08 00:00:00+00:00,7
631,2014-07-09 00:00:00+00:00,4
632,2014-07-10 00:00:00+00:00,12
633,2014-07-11 00:00:00+00:00,12
634,2014-07-14 00:00:00+00:00,16
635,2014-07-15 00:00:00+00:00,16
636,2014-07-16 00:00:00+00:00,22
637,2014-07-17 00:00:00+00:00,7
638,2014-07-18 00:00:00+00:00,15
639,2014-07-21 00:00:00+00:00,2
640,2014-07-22 00:00:00+00:00,44
641,2014-07-23 00:00:00+00:00,24
642,2014-07-24 00:00:00+00:00,18
643,2014-07-25 00:00:00+00:00,6
644,2014-07-28 00:00:00+00:00,7
645,2014-07-29 00:00:00+00:00,43
646,2014-07-30 00:00:00+00:00,14
647,2014-07-31 00:00:00+00:00,22
648,2014-08-01 00:00:00+00:00,7
649,2014-08-04 00:00:00+00:00,18
650,2014-08-05 00:00:00+00:00,15
651,2014-08-06 00:00:00+00:00,3
652,2014-08-07 00:00:00+00:00,23
653,2014-08-08 00:00:00+00:00,14
654,2014-08-11 00:00:00+00:00,18
655,2014-08-12 00:00:00+00:00,9
656,2014-08-13 00:00:00+00:00,31
657,2014-08-14 00:00:00+00:00,9
658,2014-08-15 00:00:00+00:00,22
659,2014-08-18 00:00:00+00:00,15
660,2014-08-19 00:00:00+00:00,19
661,2014-08-20 00:00:00+00:00,31
662,2014-08-21 00:00:00+00:00,14
663,2014-08-22 00:00:00+00:00,16
664,2014-08-25 00:00:00+00:00,20
665,2014-08-26 00:00:00+00:00,12
666,2014-08-27 00:00:00+00:00,4
667,2014-08-28 00:00:00+00:00,11
668,2014-08-29 00:00:00+00:00,36
669,2014-09-02 00:00:00+00:00,6
670,2014-09-03 00:00:00+00:00,15
671,2014-09-04 00:00:00+00:00,19
672,2014-09-05 00:00:00+00:00,6
673,2014-09-08 00:00:00+00:00,21
674,2014-09-09 00:00:00+00:00,11
675,2014-09-10 00:00:00+00:00,1
676,2014-09-11 00:00:00+00:00,10
677,2014-09-12 00:00:00+00:00,2
678,2014-09-15 00:00:00+00:00,1
679,2014-09-16 00:00:00+00:00,12
680,2014-09-17 00:00:00+00:00,20
681,2014-09-18 00:00:00+00:00,20
682,2014-09-19 00:00:00+00:00,21
683,2014-09-22 00:00:00+00:00,2
684,2014-09-23 00:00:00+00:00,19
685,2014-09-24 00:00:00+00:00,29
686,2014-09-25 00:00:00+00:00,-8
687,2014-09-26 00:00:00+00:00,28
688,2014-09-29 00:00:00+00:00,21
689,2014-09-30 00:00:00+00:00,18
690,2014-10-01 00:00:00+00:00,-12
691,2014-10-02 00:00:00+00:00,11
692,2014-10-03 00:00:00+00:00,7
693,2014-10-06 00:00:00+00:00,1
694,2014-10-07 00:00:00+00:00,18
695,2014-10-08 00:00:00+00:00,12
696,2014-10-09 00:00:00+00:00,23
697,2014-10-10 00:00:00+00:00,-1
698,2014-10-13 00:00:00+00:00,-8
699,2014-10-14 00:00:00+00:00,18
700,2014-10-15 00:00:00+00:00,6
701,2014-10-16 00:00:00+00:00,2
702,2014-10-17 00:00:00+00:00,5
703,2014-10-20 00:00:00+00:00,9
704,2014-10-21 00:00:00+00:00,30
705,2014-10-22 00:00:00+00:00,19
706,2014-10-23 00:00:00+00:00,50
707,2014-10-24 00:00:00+00:00,3
708,2014-10-27 00:00:00+00:00,23
709,2014-10-28 00:00:00+00:00,43
710,2014-10-29 00:00:00+00:00,27
711,2014-10-30 00:00:00+00:00,31
712,2014-10-31 00:00:00+00:00,20
713,2014-11-03 00:00:00+00:00,8
714,2014-11-04 00:00:00+00:00,23
715,2014-11-05 00:00:00+00:00,12
716,2014-11-06 00:00:00+00:00,10
717,2014-11-07 00:00:00+00:00,11
718,2014-11-10 00:00:00+00:00,10
719,2014-11-11 00:00:00+00:00,23
720,2014-11-12 00:00:00+00:00,-17
721,2014-11-13 00:00:00+00:00,15
722,2014-11-14 00:00:00+00:00,8
723,2014-11-17 00:00:00+00:00,1
724,2014-11-18 00:00:00+00:00,17
725,2014-11-19 00:00:00+00:00,24
726,2014-11-20 00:00:00+00:00,33
727,2014-11-21 00:00:00+00:00,24
728,2014-11-24 00:00:00+00:00,-4
729,2014-11-25 00:00:00+00:00,15
730,2014-11-26 00:00:00+00:00,-3
731,2014-11-28 00:00:00+00:00,1
732,2014-12-01 00:00:00+00:00,20
733,2014-12-02 00:00:00+00:00,19
734,2014-12-03 00:00:00+00:00,27
735,2014-12-04 00:00:00+00:00,43
736,2014-12-05 00:00:00+00:00,26
737,2014-12-08 00:00:00+00:00,29
738,2014-12-09 00:00:00+00:00,11
739,2014-12-10 00:00:00+00:00,12
740,2014-12-11 00:00:00+00:00,13
741,2014-12-12 00:00:00+00:00,19
742,2014-12-15 00:00:00+00:00,20
743,2014-12-16 00:00:00+00:00,20
744,2014-12-17 00:00:00+00:00,19
745,2014-12-18 00:00:00+00:00,9
746,2014-12-19 00:00:00+00:00,24
747,2014-12-22 00:00:00+00:00,10
748,2014-12-23 00:00:00+00:00,23
749,2014-12-24 00:00:00+00:00,10
750,2014-12-26 00:00:00+00:00,11
751,2014-12-29 00:00:00+00:00,19
752,2014-12-30 00:00:00+00:00,5
753,2014-12-31 00:00:00+00:00,12
754,2015-01-02 00:00:00+00:00,-68
755,2015-01-05 00:00:00+00:00,-78
756,2015-01-06 00:00:00+00:00,-23
757,2015-01-07 00:00:00+00:00,14
758,2015-01-08 00:00:00+00:00,93
759,2015-01-09 00:00:00+00:00,6
760,2015-01-12 00:00:00+00:00,-51
761,2015-01-13 00:00:00+00:00,-21
762,2015-01-14 00:00:00+00:00,-99
763,2015-01-15 00:00:00+00:00,-104
764,2015-01-16 00:00:00+00:00,-139
765,2015-01-20 00:00:00+00:00,51
766,2015-01-21 00:00:00+00:00,112
767,2015-01-22 00:00:00+00:00,-73
768,2015-01-23 00:00:00+00:00,35
769,2015-01-26 00:00:00+00:00,51
770,2015-01-27 00:00:00+00:00,404
771,2015-01-28 00:00:00+00:00,536
772,2015-01-29 00:00:00+00:00,106
773,2015-01-30 00:00:00+00:00,249
774,2015-02-02 00:00:00+00:00,64
775,2015-02-03 00:00:00+00:00,20
776,2015-02-04 00:00:00+00:00,52
777,2015-02-05 00:00:00+00:00,54
778,2015-02-06 00:00:00+00:00,-10
779,2015-02-09 00:00:00+00:00,11
780,2015-02-10 00:00:00+00:00,259
781,2015-02-11 00:00:00+00:00,59
782,2015-02-12 00:00:00+00:00,-59
783,2015-02-13 00:00:00+00:00,83
784,2015-02-17 00:00:00+00:00,-32
785,2015-02-18 00:00:00+00:00,21
786,2015-02-19 00:00:00+00:00,25
787,2015-02-20 00:00:00+00:00,41
788,2015-02-23 00:00:00+00:00,158
789,2015-02-24 00:00:00+00:00,72
790,2015-02-25 00:00:00+00:00,-111
791,2015-02-26 00:00:00+00:00,32
792,2015-02-27 00:00:00+00:00,-14
793,2015-03-02 00:00:00+00:00,-7
794,2015-03-03 00:00:00+00:00,58
795,2015-03-04 00:00:00+00:00,-14
796,2015-03-05 00:00:00+00:00,-87
797,2015-03-06 00:00:00+00:00,-52
798,2015-03-09 00:00:00+00:00,-90
799,2015-03-10 00:00:00+00:00,-92
800,2015-03-11 00:00:00+00:00,-132
801,2015-03-12 00:00:00+00:00,2
802,2015-03-13 00:00:00+00:00,-47
803,2015-03-16 00:00:00+00:00,2
804,2015-03-17 00:00:00+00:00,55
805,2015-03-18 00:00:00+00:00,61
806,2015-03-19 00:00:00+00:00,-24
807,2015-03-20 00:00:00+00:00,-81
808,2015-03-23 00:00:00+00:00,-31
809,2015-03-24 00:00:00+00:00,68
810,2015-03-25 00:00:00+00:00,-19
811,2015-03-26 00:00:00+00:00,-40
812,2015-03-27 00:00:00+00:00,-108
813,2015-03-30 00:00:00+00:00,92
814,2015-03-31 00:00:00+00:00,24
815,2015-04-01 00:00:00+00:00,3
816,2015-04-02 00:00:00+00:00,40
817,2015-04-06 00:00:00+00:00,143
818,2015-04-07 00:00:00+00:00,22
819,2015-04-08 00:00:00+00:00,30
820,2015-04-09 00:00:00+00:00,48
821,2015-04-10 00:00:00+00:00,22
822,2015-04-13 00:00:00+00:00,76
823,2015-04-14 00:00:00+00:00,17
824,2015-04-15 00:00:00+00:00,-37
825,2015-04-16 00:00:00+00:00,41
826,2015-04-17 00:00:00+00:00,-58
827,2015-04-20 00:00:00+00:00,116
828,2015-04-21 00:00:00+00:00,57
829,2015-04-22 00:00:00+00:00,185
830,2015-04-23 00:00:00+00:00,209
831,2015-04-24 00:00:00+00:00,318
832,2015-04-27 00:00:00+00:00,581
833,2015-04-28 00:00:00+00:00,59
834,2015-04-29 00:00:00+00:00,-52
835,2015-04-30 00:00:00+00:00,-182
836,2015-05-01 00:00:00+00:00,4
837,2015-05-04 00:00:00+00:00,71
838,2015-05-05 00:00:00+00:00,2
839,2015-05-06 00:00:00+00:00,-33
840,2015-05-07 00:00:00+00:00,-22
841,2015-05-08 00:00:00+00:00,9
842,2015-05-11 00:00:00+00:00,39
843,2015-05-12 00:00:00+00:00,11
844,2015-05-13 00:00:00+00:00,23
845,2015-05-14 00:00:00+00:00,74
846,2015-05-15 00:00:00+00:00,21
847,2015-05-18 00:00:00+00:00,129
848,2015-05-19 00:00:00+00:00,-43
849,2015-05-20 00:00:00+00:00,18
850,2015-05-21 00:00:00+00:00,31
851,2015-05-22 00:00:00+00:00,20
852,2015-05-26 00:00:00+00:00,-2
853,2015-05-27 00:00:00+00:00,91
854,2015-05-28 00:00:00+00:00,78
855,2015-05-29 00:00:00+00:00,46
856,2015-06-01 00:00:00+00:00,17
857,2015-06-02 00:00:00+00:00,42
858,2015-06-03 00:00:00+00:00,51
859,2015-06-04 00:00:00+00:00,-5
860,2015-06-05 00:00:00+00:00,3
861,2015-06-08 00:00:00+00:00,47
862,2015-06-09 00:00:00+00:00,-12
863,2015-06-10 00:00:00+00:00,48
864,2015-06-11 00:00:00+00:00,-3
865,2015-06-12 00:00:00+00:00,-108
866,2015-06-15 00:00:00+00:00,-25
867,2015-06-16 00:00:00+00:00,16
868,2015-06-17 00:00:00+00:00,43
869,2015-06-18 00:00:00+00:00,53
870,2015-06-19 00:00:00+00:00,12
871,2015-06-22 00:00:00+00:00,22
872,2015-06-23 00:00:00+00:00,46
873,2015-06-24 00:00:00+00:00,101
874,2015-06-25 00:00:00+00:00,51
875,2015-06-26 00:00:00+00:00,-19
876,2015-06-29 00:00:00+00:00,-36
877,2015-06-30 00:00:00+00:00,37
878,2015-07-01 00:00:00+00:00,7
879,2015-07-02 00:00:00+00:00,36
880,2015-07-06 00:00:00+00:00,-4
881,2015-07-07 00:00:00+00:00,-39
882,2015-07-08 00:00:00+00:00,-167
883,2015-07-09 00:00:00+00:00,-227
884,2015-07-10 00:00:00+00:00,84
885,2015-07-13 00:00:00+00:00,118
886,2015-07-14 00:00:00+00:00,150
887,2015-07-15 00:00:00+00:00,57
888,2015-07-16 00:00:00+00:00,388
889,2015-07-17 00:00:00+00:00,504
890,2015-07-20 00:00:00+00:00,269
891,2015-07-21 00:00:00+00:00,-456
892,2015-07-22 00:00:00+00:00,-226
893,2015-07-23 00:00:00+00:00,343
894,2015-07-24 00:00:00+00:00,203
895,2015-07-27 00:00:00+00:00,5
896,2015-07-28 00:00:00+00:00,2
897,2015-07-29 00:00:00+00:00,28
898,2015-07-30 00:00:00+00:00,-13
899,2015-07-31 00:00:00+00:00,17
900,2015-08-03 00:00:00+00:00,-144
901,2015-08-04 00:00:00+00:00,-326
902,2015-08-05 00:00:00+00:00,-119
903,2015-08-06 00:00:00+00:00,-51
904,2015-08-07 00:00:00+00:00,-69
905,2015-08-10 00:00:00+00:00,66
906,2015-08-11 00:00:00+00:00,-148
907,2015-08-12 00:00:00+00:00,6
908,2015-08-13 00:00:00+00:00,18
909,2015-08-14 00:00:00+00:00,-2
910,2015-08-17 00:00:00+00:00,73
911,2015-08-18 00:00:00+00:00,15
912,2015-08-19 00:00:00+00:00,11
913,2015-08-20 00:00:00+00:00,-116
914,2015-08-21 00:00:00+00:00,-142
915,2015-08-24 00:00:00+00:00,-49
916,2015-08-25 00:00:00+00:00,42
917,2015-08-26 00:00:00+00:00,53
918,2015-08-27 00:00:00+00:00,88
919,2015-08-28 00:00:00+00:00,17
920,2015-08-31 00:00:00+00:00,6
921,2015-09-01 00:00:00+00:00,-99
922,2015-09-02 00:00:00+00:00,69
923,2015-09-03 00:00:00+00:00,-44
924,2015-09-04 00:00:00+00:00,-72
925,2015-09-08 00:00:00+00:00,16
926,2015-09-09 00:00:00+00:00,-193
927,2015-09-10 00:00:00+00:00,-24
928,2015-09-11 00:00:00+00:00,11
929,2015-09-14 00:00:00+00:00,29
930,2015-09-15 00:00:00+00:00,60
931,2015-09-16 00:00:00+00:00,44
932,2015-09-17 00:00:00+00:00,-2
933,2015-09-18 00:00:00+00:00,11
934,2015-09-21 00:00:00+00:00,-33
935,2015-09-22 00:00:00+00:00,-26
936,2015-09-23 00:00:00+00:00,13
937,2015-09-24 00:00:00+00:00,24
938,2015-09-25 00:00:00+00:00,16
939,2015-09-28 00:00:00+00:00,-11
940,2015-09-29 00:00:00+00:00,-169
941,2015-09-30 00:00:00+00:00,-78
942,2015-10-01 00:00:00+00:00,-183
943,2015-10-02 00:00:00+00:00,20
944,2015-10-05 00:00:00+00:00,-69
945,2015-10-06 00:00:00+00:00,-56
946,2015-10-07 00:00:00+00:00,-82
947,2015-10-08 00:00:00+00:00,-105
948,2015-10-09 00:00:00+00:00,-59
949,2015-10-12 00:00:00+00:00,-4
950,2015-10-13 00:00:00+00:00,31
951,2015-10-14 00:00:00+00:00,-87
952,2015-10-15 00:00:00+00:00,13
953,2015-10-16 00:00:00+00:00,23
954,2015-10-19 00:00:00+00:00,40
955,2015-10-20 00:00:00+00:00,-99
956,2015-10-21 00:00:00+00:00,-11
957,2015-10-22 00:00:00+00:00,454
958,2015-10-23 00:00:00+00:00,309
959,2015-10-26 00:00:00+00:00,-14
960,2015-10-27 00:00:00+00:00,109
961,2015-10-28 00:00:00+00:00,78
962,2015-10-29 00:00:00+00:00,41
963,2015-10-30 00:00:00+00:00,24
964,2015-11-02 00:00:00+00:00,26
965,2015-11-03 00:00:00+00:00,55
966,2015-11-04 00:00:00+00:00,35
967,2015-11-05 00:00:00+00:00,22
968,2015-11-06 00:00:00+00:00,-7
969,2015-11-09 00:00:00+00:00,-19
970,2015-11-10 00:00:00+00:00,-145
971,2015-11-11 00:00:00+00:00,-8
972,2015-11-12 00:00:00+00:00,-24
973,2015-11-13 00:00:00+00:00,-119
974,2015-11-16 00:00:00+00:00,-6
975,2015-11-17 00:00:00+00:00,15
976,2015-11-18 00:00:00+00:00,137
977,2015-11-19 00:00:00+00:00,75
978,2015-11-20 00:00:00+00:00,-83
979,2015-11-23 00:00:00+00:00,11
980,2015-11-24 00:00:00+00:00,3
981,2015-11-25 00:00:00+00:00,71
982,2015-11-27 00:00:00+00:00,43
983,2015-11-30 00:00:00+00:00,46
984,2015-12-01 00:00:00+00:00,52
985,2015-12-02 00:00:00+00:00,-38
986,2015-12-03 00:00:00+00:00,-15
987,2015-12-04 00:00:00+00:00,75
988,2015-12-07 00:00:00+00:00,24
989,2015-12-08 00:00:00+00:00,-6
990,2015-12-09 00:00:00+00:00,-61
991,2015-12-10 00:00:00+00:00,23
992,2015-12-11 00:00:00+00:00,-16
993,2015-12-14 00:00:00+00:00,-123
994,2015-12-15 00:00:00+00:00,-65
995,2015-12-16 00:00:00+00:00,81
996,2015-12-17 00:00:00+00:00,-15
997,2015-12-18 00:00:00+00:00,-33
998,2015-12-21 00:00:00+00:00,-12
999,2015-12-22 00:00:00+00:00,8
1000,2015-12-23 00:00:00+00:00,-16
1001,2015-12-24 00:00:00+00:00,6
1002,2015-12-28 00:00:00+00:00,88
1003,2015-12-29 00:00:00+00:00,138
1004,2015-12-30 00:00:00+00:00,41
1005,2015-12-31 00:00:00+00:00,-67
1006,2016-01-04 00:00:00+00:00,-85
1007,2016-01-05 00:00:00+00:00,-134
1008,2016-01-06 00:00:00+00:00,-187
1009,2016-01-07 00:00:00+00:00,-203
1010,2016-01-08 00:00:00+00:00,-152
1011,2016-01-11 00:00:00+00:00,-37
1012,2016-01-12 00:00:00+00:00,33
1013,2016-01-13 00:00:00+00:00,-87
1014,2016-01-14 00:00:00+00:00,-10
1015,2016-01-15 00:00:00+00:00,-76
1016,2016-01-19 00:00:00+00:00,-54
1017,2016-01-20 00:00:00+00:00,-46
1018,2016-01-21 00:00:00+00:00,-19
1019,2016-01-22 00:00:00+00:00,164
1020,2016-01-25 00:00:00+00:00,-11
1021,2016-01-26 00:00:00+00:00,-193
1022,2016-01-27 00:00:00+00:00,-358
1023,2016-01-28 00:00:00+00:00,-192
1024,2016-01-29 00:00:00+00:00,-132
1025,2016-02-01 00:00:00+00:00,248
1026,2016-02-02 00:00:00+00:00,7
1027,2016-02-03 00:00:00+00:00,-205
1028,2016-02-04 00:00:00+00:00,-115
1029,2016-02-05 00:00:00+00:00,-261
1030,2016-02-08 00:00:00+00:00,-146
1031,2016-02-09 00:00:00+00:00,-127
1032,2016-02-10 00:00:00+00:00,-109
1033,2016-02-11 00:00:00+00:00,-33
1034,2016-02-12 00:00:00+00:00,-65
1035,2016-02-16 00:00:00+00:00,37
1036,2016-02-17 00:00:00+00:00,-3
1037,2016-02-18 00:00:00+00:00,-88
1038,2016-02-19 00:00:00+00:00,-86
1039,2016-02-22 00:00:00+00:00,-8
1040,2016-02-23 00:00:00+00:00,-83
1041,2016-02-24 00:00:00+00:00,-76
1042,2016-02-25 00:00:00+00:00,-58
1043,2016-02-26 00:00:00+00:00,-48
1044,2016-02-29 00:00:00+00:00,6
1045,2016-03-01 00:00:00+00:00,-18
1046,2016-03-02 00:00:00+00:00,-6
1047,2016-03-03 00:00:00+00:00,48
1048,2016-03-04 00:00:00+00:00,37
1049,2016-03-07 00:00:00+00:00,-98
1050,2016-03-08 00:00:00+00:00,-4
1051,2016-03-09 00:00:00+00:00,13
1052,2016-03-10 00:00:00+00:00,-21
1053,2016-03-11 00:00:00+00:00,29
1054,2016-03-14 00:00:00+00:00,91
1055,2016-03-15 00:00:00+00:00,71
1056,2016-03-16 00:00:00+00:00,49
1057,2016-03-17 00:00:00+00:00,-41
1058,2016-03-18 00:00:00+00:00,13
1059,2016-03-21 00:00:00+00:00,-138
1060,2016-03-22 00:00:00+00:00,-11
1061,2016-03-23 00:00:00+00:00,-59
1062,2016-03-24 00:00:00+00:00,6
1063,2016-03-28 00:00:00+00:00,104
1064,2016-03-29 00:00:00+00:00,33
1065,2016-03-30 00:00:00+00:00,56
1066,2016-03-31 00:00:00+00:00,24
1067,2016-04-01 00:00:00+00:00,204
1068,2016-04-04 00:00:00+00:00,69
1069,2016-04-05 00:00:00+00:00,-31
1070,2016-04-06 00:00:00+00:00,67
1071,2016-04-07 00:00:00+00:00,-53
1072,2016-04-08 00:00:00+00:00,-40
1073,2016-04-11 00:00:00+00:00,-40
1074,2016-04-12 00:00:00+00:00,-33
1075,2016-04-13 00:00:00+00:00,63
1076,2016-04-14 00:00:00+00:00,24
1077,2016-04-15 00:00:00+00:00,-71
1078,2016-04-18 00:00:00+00:00,-94
1079,2016-04-19 00:00:00+00:00,-96
1080,2016-04-20 00:00:00+00:00,-21
1081,2016-04-21 00:00:00+00:00,-331
1082,2016-04-22 00:00:00+00:00,-164
1083,2016-04-25 00:00:00+00:00,-99
1084,2016-04-26 00:00:00+00:00,-369
1085,2016-04-27 00:00:00+00:00,-377
1086,2016-04-28 00:00:00+00:00,-77
1087,2016-04-29 00:00:00+00:00,-69
1088,2016-05-02 00:00:00+00:00,-25
1089,2016-05-03 00:00:00+00:00,-38
1090,2016-05-04 00:00:00+00:00,-87
1091,2016-05-05 00:00:00+00:00,-194
1092,2016-05-06 00:00:00+00:00,-124
1093,2016-05-09 00:00:00+00:00,-82
1094,2016-05-10 00:00:00+00:00,-4
1095,2016-05-11 00:00:00+00:00,-88
1096,2016-05-12 00:00:00+00:00,-310
1097,2016-05-13 00:00:00+00:00,-101
1098,2016-05-16 00:00:00+00:00,113
1099,2016-05-17 00:00:00+00:00,-82
1100,2016-05-18 00:00:00+00:00,-17
1101,2016-05-19 00:00:00+00:00,-66
1102,2016-05-20 00:00:00+00:00,51
1103,2016-05-23 00:00:00+00:00,23
1104,2016-05-24 00:00:00+00:00,24
1105,2016-05-25 00:00:00+00:00,17
1106,2016-05-26 00:00:00+00:00,84
1107,2016-05-27 00:00:00+00:00,18
1108,2016-05-31 00:00:00+00:00,3
1109,2016-06-01 00:00:00+00:00,-52
1110,2016-06-02 00:00:00+00:00,-22
1111,2016-06-03 00:00:00+00:00,-8
1112,2016-06-06 00:00:00+00:00,20
1113,2016-06-07 00:00:00+00:00,26
1114,2016-06-08 00:00:00+00:00,57
1115,2016-06-09 00:00:00+00:00,-47
1116,2016-06-10 00:00:00+00:00,-90
1117,2016-06-13 00:00:00+00:00,-82
1118,2016-06-14 00:00:00+00:00,-43
1119,2016-06-15 00:00:00+00:00,-30
1120,2016-06-16 00:00:00+00:00,-63
1121,2016-06-17 00:00:00+00:00,-188
1122,2016-06-20 00:00:00+00:00,-24
1123,2016-06-21 00:00:00+00:00,-213
1124,2016-06-22 00:00:00+00:00,-301
1125,2016-06-23 00:00:00+00:00,-115
1126,2016-06-24 00:00:00+00:00,-104
1127,2016-06-27 00:00:00+00:00,-77
1128,2016-06-28 00:00:00+00:00,-39
1129,2016-06-29 00:00:00+00:00,16
1130,2016-06-30 00:00:00+00:00,-88
1131,2016-07-01 00:00:00+00:00,-92
1132,2016-07-05 00:00:00+00:00,-172
1133,2016-07-06 00:00:00+00:00,-26
1134,2016-07-07 00:00:00+00:00,-4
1135,2016-07-08 00:00:00+00:00,1
1136,2016-07-11 00:00:00+00:00,-13
1137,2016-07-12 00:00:00+00:00,-53
1138,2016-07-13 00:00:00+00:00,-26
1139,2016-07-14 00:00:00+00:00,27
1140,2016-07-15 00:00:00+00:00,-45
1141,2016-07-18 00:00:00+00:00,51
1142,2016-07-19 00:00:00+00:00,69
1143,2016-07-20 00:00:00+00:00,103
1144,2016-07-21 00:00:00+00:00,-45
1145,2016-07-22 00:00:00+00:00,-28
1146,2016-07-25 00:00:00+00:00,-88
1147,2016-07-26 00:00:00+00:00,56
1148,2016-07-27 00:00:00+00:00,207
1149,2016-07-28 00:00:00+00:00,306
1150,2016-07-29 00:00:00+00:00,70
1151,2016-08-01 00:00:00+00:00,61
1152,2016-08-02 00:00:00+00:00,-28
1153,2016-08-03 00:00:00+00:00,-101
1154,2016-08-04 00:00:00+00:00,28
1155,2016-08-05 00:00:00+00:00,73
1156,2016-08-08 00:00:00+00:00,-20
1157,2016-08-09 00:00:00+00:00,-12
1158,2016-08-10 00:00:00+00:00,-81
1159,2016-08-11 00:00:00+00:00,9
1160,2016-08-12 00:00:00+00:00,9
1161,2016-08-15 00:00:00+00:00,61
1162,2016-08-16 00:00:00+00:00,-3
1163,2016-08-17 00:00:00+00:00,-21
1164,2016-08-18 00:00:00+00:00,8
1165,2016-08-19 00:00:00+00:00,-21
1166,2016-08-22 00:00:00+00:00,-42
1167,2016-08-23 00:00:00+00:00,-1
1168,2016-08-24 00:00:00+00:00,-54
1169,2016-08-25 00:00:00+00:00,-35
1170,2016-08-26 00:00:00+00:00,-21
1171,2016-08-29 00:00:00+00:00,4
1172,2016-08-30 00:00:00+00:00,-279
1173,2016-08-31 00:00:00+00:00,-94
1174,2016-09-01 00:00:00+00:00,-148
1175,2016-09-02 00:00:00+00:00,-25
1176,2016-09-06 00:00:00+00:00,57
1177,2016-09-07 00:00:00+00:00,-79
1178,2016-09-08 00:00:00+00:00,-235
1179,2016-09-09 00:00:00+00:00,-164
1180,2016-09-12 00:00:00+00:00,-13
1181,2016-09-13 00:00:00+00:00,69
1182,2016-09-14 00:00:00+00:00,127
1183,2016-09-15 00:00:00+00:00,144
1184,2016-09-16 00:00:00+00:00,17
1185,2016-09-19 00:00:00+00:00,-52
1186,2016-09-20 00:00:00+00:00,44
1187,2016-09-21 00:00:00+00:00,-36
1188,2016-09-22 00:00:00+00:00,75
1189,2016-09-23 00:00:00+00:00,-55
1190,2016-09-26 00:00:00+00:00,-44
1191,2016-09-27 00:00:00+00:00,74
1192,2016-09-28 00:00:00+00:00,14
1193,2016-09-29 00:00:00+00:00,-34
1194,2016-09-30 00:00:00+00:00,35
1195,2016-10-03 00:00:00+00:00,63
1196,2016-10-04 00:00:00+00:00,-19
1197,2016-10-05 00:00:00+00:00,0
1198,2016-10-06 00:00:00+00:00,-84
1199,2016-10-07 00:00:00+00:00,-7
1200,2016-10-10 00:00:00+00:00,24
1201,2016-10-11 00:00:00+00:00,18
1202,2016-10-12 00:00:00+00:00,-18
1203,2016-10-13 00:00:00+00:00,2
1204,2016-10-14 00:00:00+00:00,14
1205,2016-10-17 00:00:00+00:00,-43
1206,2016-10-18 00:00:00+00:00,71
1207,2016-10-19 00:00:00+00:00,2
1208,2016-10-20 00:00:00+00:00,59
1209,2016-10-21 00:00:00+00:00,126
1210,2016-10-24 00:00:00+00:00,140
1211,2016-10-25 00:00:00+00:00,-69
1212,2016-10-26 00:00:00+00:00,28
1213,2016-10-27 00:00:00+00:00,-217
1214,2016-10-28 00:00:00+00:00,-84
1215,2016-10-31 00:00:00+00:00,-42
1216,2016-11-01 00:00:00+00:00,-89
1217,2016-11-02 00:00:00+00:00,-95
1218,2016-11-03 00:00:00+00:00,-59
1219,2016-11-04 00:00:00+00:00,34
1220,2016-11-07 00:00:00+00:00,34
1221,2016-11-08 00:00:00+00:00,45
1222,2016-11-09 00:00:00+00:00,-69
1223,2016-11-10 00:00:00+00:00,-191
1224,2016-11-11 00:00:00+00:00,14
1225,2016-11-14 00:00:00+00:00,-89
1226,2016-11-15 00:00:00+00:00,82
1227,2016-11-16 00:00:00+00:00,14
1228,2016-11-17 00:00:00+00:00,90
1229,2016-11-18 00:00:00+00:00,17
1230,2016-11-21 00:00:00+00:00,53
1231,2016-11-22 00:00:00+00:00,35
1232,2016-11-23 00:00:00+00:00,27
1233,2016-11-25 00:00:00+00:00,6
1234,2016-11-28 00:00:00+00:00,-9
1235,2016-11-29 00:00:00+00:00,-72
1236,2016-11-30 00:00:00+00:00,-12
1237,2016-12-01 00:00:00+00:00,-75
1238,2016-12-02 00:00:00+00:00,-29
1239,2016-12-05 00:00:00+00:00,33
1240,2016-12-06 00:00:00+00:00,69
1241,2016-12-07 00:00:00+00:00,24
1242,2016-12-08 00:00:00+00:00,27
1243,2016-12-09 00:00:00+00:00,61
1244,2016-12-12 00:00:00+00:00,2
1245,2016-12-13 00:00:00+00:00,92
1246,2016-12-14 00:00:00+00:00,68
1247,2016-12-15 00:00:00+00:00,24
1248,2016-12-16 00:00:00+00:00,20
1249,2016-12-19 00:00:00+00:00,101
1250,2016-12-20 00:00:00+00:00,51
1251,2016-12-21 00:00:00+00:00,20
1252,2016-12-22 00:00:00+00:00,38
1253,2016-12-23 00:00:00+00:00,-9
1254,2016-12-27 00:00:00+00:00,90
1255,2016-12-28 00:00:00+00:00,46
1256,2016-12-29 00:00:00+00:00,-27
1257,2016-12-30 00:00:00+00:00,-54
1258,2017-01-03 00:00:00+00:00,-67
1259,2017-01-04 00:00:00+00:00,37
1260,2017-01-05 00:00:00+00:00,90
1261,2017-01-06 00:00:00+00:00,88
1262,2017-01-09 00:00:00+00:00,157
1263,2017-01-10 00:00:00+00:00,50
1264,2017-01-11 00:00:00+00:00,49
1265,2017-01-12 00:00:00+00:00,56
1266,2017-01-13 00:00:00+00:00,97
1267,2017-01-17 00:00:00+00:00,33
1268,2017-01-18 00:00:00+00:00,54
1269,2017-01-19 00:00:00+00:00,81
1270,2017-01-20 00:00:00+00:00,36
1271,2017-01-23 00:00:00+00:00,63
1272,2017-01-24 00:00:00+00:00,75
1273,2017-01-25 00:00:00+00:00,119
1274,2017-01-26 00:00:00+00:00,56
1275,2017-01-27 00:00:00+00:00,62
1276,2017-01-30 00:00:00+00:00,-27
1277,2017-01-31 00:00:00+00:00,148
1278,2017-02-01 00:00:00+00:00,219
1279,2017-02-02 00:00:00+00:00,-46
1280,2017-02-03 00:00:00+00:00,-13
1281,2017-02-06 00:00:00+00:00,30
1282,2017-02-07 00:00:00+00:00,124
1283,2017-02-08 00:00:00+00:00,119
1284,2017-02-09 00:00:00+00:00,90
1285,2017-02-10 00:00:00+00:00,32
1286,2017-02-13 00:00:00+00:00,194
1287,2017-02-14 00:00:00+00:00,145
1288,2017-02-15 00:00:00+00:00,75
1289,2017-02-16 00:00:00+00:00,-25
1290,2017-02-17 00:00:00+00:00,34
1291,2017-02-21 00:00:00+00:00,154
1292,2017-02-22 00:00:00+00:00,-47
1293,2017-02-23 00:00:00+00:00,-141
1294,2017-02-24 00:00:00+00:00,-42
1295,2017-02-27 00:00:00+00:00,-57
1296,2017-02-28 00:00:00+00:00,-75
1297,2017-03-01 00:00:00+00:00,96
1298,2017-03-02 00:00:00+00:00,-7
1299,2017-03-03 00:00:00+00:00,-74
1300,2017-03-06 00:00:00+00:00,-9
1301,2017-03-07 00:00:00+00:00,-12
1302,2017-03-08 00:00:00+00:00,-9
1303,2017-03-09 00:00:00+00:00,22
1304,2017-03-10 00:00:00+00:00,33
1305,2017-03-13 00:00:00+00:00,35
1306,2017-03-14 00:00:00+00:00,25
1307,2017-03-15 00:00:00+00:00,94
1308,2017-03-16 00:00:00+00:00,46
1309,2017-03-17 00:00:00+00:00,-8
1310,2017-03-20 00:00:00+00:00,91
1311,2017-03-21 00:00:00+00:00,12
1312,2017-03-22 00:00:00+00:00,14
1313,2017-03-23 00:00:00+00:00,-10
1314,2017-03-24 00:00:00+00:00,5
1315,2017-03-27 00:00:00+00:00,60
1316,2017-03-28 00:00:00+00:00,105
1317,2017-03-29 00:00:00+00:00,181
1318,2017-03-30 00:00:00+00:00,68
1319,2017-03-31 00:00:00+00:00,67
1320,2017-04-03 00:00:00+00:00,346
1321,2017-04-04 00:00:00+00:00,162
1322,2017-04-05 00:00:00+00:00,112
1323,2017-04-06 00:00:00+00:00,-52
1324,2017-04-07 00:00:00+00:00,2
1325,2017-04-10 00:00:00+00:00,107
1326,2017-04-11 00:00:00+00:00,-71
1327,2017-04-12 00:00:00+00:00,-46
1328,2017-04-13 00:00:00+00:00,6
1329,2017-04-17 00:00:00+00:00,15
1330,2017-04-18 00:00:00+00:00,14
1331,2017-04-19 00:00:00+00:00,-17
1332,2017-04-20 00:00:00+00:00,0
1333,2017-04-21 00:00:00+00:00,23
1334,2017-04-24 00:00:00+00:00,71
1335,2017-04-25 00:00:00+00:00,76
1336,2017-04-26 00:00:00+00:00,10
1337,2017-04-27 00:00:00+00:00,240
1338,2017-04-28 00:00:00+00:00,46
1339,2017-05-01 00:00:00+00:00,212
1340,2017-05-02 00:00:00+00:00,-122
1341,2017-05-03 00:00:00+00:00,-38
1342,2017-05-04 00:00:00+00:00,-130
1343,2017-05-05 00:00:00+00:00,77
1344,2017-05-08 00:00:00+00:00,246
1345,2017-05-09 00:00:00+00:00,152
1346,2017-05-10 00:00:00+00:00,12
1347,2017-05-11 00:00:00+00:00,20
1348,2017-05-12 00:00:00+00:00,70
1349,2017-05-15 00:00:00+00:00,-25
1350,2017-05-16 00:00:00+00:00,22
1351,2017-05-17 00:00:00+00:00,-31
1352,2017-05-18 00:00:00+00:00,21
1353,2017-05-19 00:00:00+00:00,-13
1354,2017-05-22 00:00:00+00:00,-8
1355,2017-05-23 00:00:00+00:00,23
1356,2017-05-24 00:00:00+00:00,-11
1357,2017-05-25 00:00:00+00:00,174
1358,2017-05-26 00:00:00+00:00,75
1359,2017-05-30 00:00:00+00:00,148
1360,2017-05-31 00:00:00+00:00,49
1361,2017-06-01 00:00:00+00:00,18
1362,2017-06-02 00:00:00+00:00,64
1363,2017-06-05 00:00:00+00:00,48
1364,2017-06-06 00:00:00+00:00,76
1365,2017-06-07 00:00:00+00:00,27
1366,2017-06-08 00:00:00+00:00,74
1367,2017-06-09 00:00:00+00:00,-267
1368,2017-06-12 00:00:00+00:00,-205
1369,2017-06-13 00:00:00+00:00,90
1370,2017-06-14 00:00:00+00:00,3
1371,2017-06-15 00:00:00+00:00,-71
1372,2017-06-16 00:00:00+00:00,53
1373,2017-06-19 00:00:00+00:00,33
1374,2017-06-20 00:00:00+00:00,13
1375,2017-06-21 00:00:00+00:00,9
1376,2017-06-22 00:00:00+00:00,75
1377,2017-06-23 00:00:00+00:00,44
1378,2017-06-26 00:00:00+00:00,-1
1379,2017-06-27 00:00:00+00:00,-180
1380,2017-06-28 00:00:00+00:00,-11
1381,2017-06-29 00:00:00+00:00,5
1382,2017-06-30 00:00:00+00:00,18
1383,2017-07-03 00:00:00+00:00,-27
1384,2017-07-05 00:00:00+00:00,-179
1385,2017-07-06 00:00:00+00:00,-343
1386,2017-07-07 00:00:00+00:00,-81
1387,2017-07-10 00:00:00+00:00,-38
1388,2017-07-11 00:00:00+00:00,30
1389,2017-07-12 00:00:00+00:00,42
1390,2017-07-13 00:00:00+00:00,28
1391,2017-07-14 00:00:00+00:00,35
1392,2017-07-17 00:00:00+00:00,-40
1393,2017-07-18 00:00:00+00:00,73
1394,2017-07-19 00:00:00+00:00,38
1395,2017-07-20 00:00:00+00:00,61
1396,2017-07-21 00:00:00+00:00,13
1397,2017-07-24 00:00:00+00:00,11
1398,2017-07-25 00:00:00+00:00,-20
1399,2017-07-26 00:00:00+00:00,100
1400,2017-07-27 00:00:00+00:00,-173
1401,2017-07-28 00:00:00+00:00,-59
1402,2017-07-31 00:00:00+00:00,-144
1403,2017-08-01 00:00:00+00:00,263
1404,2017-08-02 00:00:00+00:00,184
1405,2017-08-03 00:00:00+00:00,53
1406,2017-08-04 00:00:00+00:00,87
1407,2017-08-07 00:00:00+00:00,-16
1408,2017-08-08 00:00:00+00:00,107
1409,2017-08-09 00:00:00+00:00,14
1410,2017-08-10 00:00:00+00:00,-66
1411,2017-08-11 00:00:00+00:00,-27
1412,2017-08-14 00:00:00+00:00,39
1413,2017-08-15 00:00:00+00:00,42
1414,2017-08-16 00:00:00+00:00,-50
1415,2017-08-17 00:00:00+00:00,-101
1416,2017-08-18 00:00:00+00:00,-18
1417,2017-08-21 00:00:00+00:00,-96
1418,2017-08-22 00:00:00+00:00,72
1419,2017-08-23 00:00:00+00:00,40
1420,2017-08-24 00:00:00+00:00,-81
1421,2017-08-25 00:00:00+00:00,-25
1422,2017-08-28 00:00:00+00:00,-15
1423,2017-08-29 00:00:00+00:00,86
1424,2017-08-30 00:00:00+00:00,85
1425,2017-08-31 00:00:00+00:00,112
1426,2017-09-01 00:00:00+00:00,35
1427,2017-09-05 00:00:00+00:00,40
1428,2017-09-06 00:00:00+00:00,14
1429,2017-09-07 00:00:00+00:00,2
1430,2017-09-08 00:00:00+00:00,-25
1431,2017-09-11 00:00:00+00:00,112
1432,2017-09-12 00:00:00+00:00,-168
1433,2017-09-13 00:00:00+00:00,85
1434,2017-09-14 00:00:00+00:00,53
1435,2017-09-15 00:00:00+00:00,125
1436,2017-09-18 00:00:00+00:00,64
1437,2017-09-19 00:00:00+00:00,-64
1438,2017-09-20 00:00:00+00:00,-172
1439,2017-09-21 00:00:00+00:00,-87
1440,2017-09-22 00:00:00+00:00,-148
1441,2017-09-25 00:00:00+00:00,-189
1442,2017-09-26 00:00:00+00:00,56
1443,2017-09-27 00:00:00+00:00,23
1444,2017-09-28 00:00:00+00:00,-24
1445,2017-09-29 00:00:00+00:00,15
1446,2017-10-02 00:00:00+00:00,-49
1447,2017-10-03 00:00:00+00:00,28
1448,2017-10-04 00:00:00+00:00,12
1449,2017-10-05 00:00:00+00:00,72
1450,2017-10-06 00:00:00+00:00,52
1451,2017-10-09 00:00:00+00:00,-113
1452,2017-10-10 00:00:00+00:00,35
1453,2017-10-11 00:00:00+00:00,33
1454,2017-10-12 00:00:00+00:00,-4
1455,2017-10-13 00:00:00+00:00,-77
1456,2017-10-16 00:00:00+00:00,-21
1457,2017-10-17 00:00:00+00:00,40
1458,2017-10-18 00:00:00+00:00,28
1459,2017-10-19 00:00:00+00:00,-65
1460,2017-10-20 00:00:00+00:00,6
1461,2017-10-23 00:00:00+00:00,-75
1462,2017-10-24 00:00:00+00:00,12
1463,2017-10-25 00:00:00+00:00,-64
1464,2017-10-26 00:00:00+00:00,216
1465,2017-10-27 00:00:00+00:00,434
1466,2017-10-30 00:00:00+00:00,137
1467,2017-10-31 00:00:00+00:00,73
1468,2017-11-01 00:00:00+00:00,-306
1469,2017-11-02 00:00:00+00:00,43
1470,2017-11-03 00:00:00+00:00,181
1471,2017-11-06 00:00:00+00:00,-9
1472,2017-11-07 00:00:00+00:00,56
1473,2017-11-08 00:00:00+00:00,85
1474,2017-11-09 00:00:00+00:00,58
1475,2017-11-10 00:00:00+00:00,1
1476,2017-11-13 00:00:00+00:00,31
1477,2017-11-14 00:00:00+00:00,-40
1478,2017-11-15 00:00:00+00:00,-15
1479,2017-11-16 00:00:00+00:00,42
1480,2017-11-17 00:00:00+00:00,10
1481,2017-11-20 00:00:00+00:00,-113
1482,2017-11-21 00:00:00+00:00,73
1483,2017-11-22 00:00:00+00:00,24
1484,2017-11-24 00:00:00+00:00,31
1485,2017-11-27 00:00:00+00:00,93
1486,2017-11-28 00:00:00+00:00,13
1487,2017-11-29 00:00:00+00:00,-100
1488,2017-11-30 00:00:00+00:00,49
1489,2017-12-01 00:00:00+00:00,5
1490,2017-12-04 00:00:00+00:00,-43
1491,2017-12-05 00:00:00+00:00,-12
1492,2017-12-06 00:00:00+00:00,49
1493,2017-12-07 00:00:00+00:00,50
1494,2017-12-08 00:00:00+00:00,15
1495,2017-12-11 00:00:00+00:00,159
1496,2017-12-12 00:00:00+00:00,118
1497,2017-12-13 00:00:00+00:00,125
1498,2017-12-14 00:00:00+00:00,22
1499,2017-12-15 00:00:00+00:00,69
1500,2017-12-18 00:00:00+00:00,137
1501,2017-12-19 00:00:00+00:00,17
1502,2017-12-20 00:00:00+00:00,49
1503,2017-12-21 00:00:00+00:00,67
1504,2017-12-22 00:00:00+00:00,-31
1505,2017-12-26 00:00:00+00:00,-95
1506,2017-12-27 00:00:00+00:00,-42
1507,2017-12-28 00:00:00+00:00,-28
1508,2017-12-29 00:00:00+00:00,-52
1509,2018-01-02 00:00:00+00:00,87
1510,2018-01-03 00:00:00+00:00,13
1511,2018-01-04 00:00:00+00:00,-21
1512,2018-01-05 00:00:00+00:00,56
1513,2018-01-08 00:00:00+00:00,87
1514,2018-01-09 00:00:00+00:00,44
1515,2018-01-10 00:00:00+00:00,2
1516,2018-01-11 00:00:00+00:00,84
1517,2018-01-12 00:00:00+00:00,127
1518,2018-01-16 00:00:00+00:00,111
1519,2018-01-17 00:00:00+00:00,95
1520,2018-01-18 00:00:00+00:00,102
1521,2018-01-19 00:00:00+00:00,55
1522,2018-01-22 00:00:00+00:00,31
1523,2018-01-23 00:00:00+00:00,45
1524,2018-01-24 00:00:00+00:00,-58
1525,2018-01-25 00:00:00+00:00,-47
1526,2018-01-26 00:00:00+00:00,111
1527,2018-01-29 00:00:00+00:00,10
1528,2018-01-30 00:00:00+00:00,-93
1529,2018-01-31 00:00:00+00:00,147
1530,2018-02-01 00:00:00+00:00,182
1531,2018-02-02 00:00:00+00:00,-183
1532,2018-02-05 00:00:00+00:00,-22
1533,2018-02-06 00:00:00+00:00,27
1534,2018-02-07 00:00:00+00:00,-67
1535,2018-02-08 00:00:00+00:00,-192
1536,2018-02-09 00:00:00+00:00,-117
1537,2018-02-12 00:00:00+00:00,24
1538,2018-02-13 00:00:00+00:00,40
1539,2018-02-14 00:00:00+00:00,61
1540,2018-02-15 00:00:00+00:00,169
1541,2018-02-16 00:00:00+00:00,18
1542,2018-02-20 00:00:00+00:00,-39
1543,2018-02-21 00:00:00+00:00,43
1544,2018-02-22 00:00:00+00:00,10
1545,2018-02-23 00:00:00+00:00,13
1546,2018-02-26 00:00:00+00:00,103
1547,2018-02-27 00:00:00+00:00,39
1548,2018-02-28 00:00:00+00:00,-6
1549,2018-03-01 00:00:00+00:00,-68
1550,2018-03-02 00:00:00+00:00,-85
1551,2018-03-05 00:00:00+00:00,-46
1552,2018-03-06 00:00:00+00:00,23
1553,2018-03-07 00:00:00+00:00,-20
1554,2018-03-08 00:00:00+00:00,15
1555,2018-03-09 00:00:00+00:00,28
1556,2018-03-12 00:00:00+00:00,47
1557,2018-03-13 00:00:00+00:00,-39
1558,2018-03-14 00:00:00+00:00,-133
1559,2018-03-15 00:00:00+00:00,-83
1560,2018-03-16 00:00:00+00:00,-41
1561,2018-03-19 00:00:00+00:00,-298
1562,2018-03-20 00:00:00+00:00,-72
1563,2018-03-21 00:00:00+00:00,-109
1564,2018-03-22 00:00:00+00:00,-155
1565,2018-03-23 00:00:00+00:00,-150
1566,2018-03-26 00:00:00+00:00,-149
1567,2018-03-27 00:00:00+00:00,-424
1568,2018-03-28 00:00:00+00:00,-786
1569,2018-03-29 00:00:00+00:00,-459
1570,2018-04-02 00:00:00+00:00,-1172
1571,2018-04-03 00:00:00+00:00,-382
1572,2018-04-04 00:00:00+00:00,-107
1573,2018-04-05 00:00:00+00:00,-17
1574,2018-04-06 00:00:00+00:00,-149
1575,2018-04-09 00:00:00+00:00,-173
1576,2018-04-10 00:00:00+00:00,0
1577,2018-04-11 00:00:00+00:00,-54
1578,2018-04-12 00:00:00+00:00,-73
1579,2018-04-13 00:00:00+00:00,-133
1580,2018-04-16 00:00:00+00:00,-242
1581,2018-04-17 00:00:00+00:00,-58
1582,2018-04-18 00:00:00+00:00,-15
1583,2018-04-19 00:00:00+00:00,-128
1584,2018-04-20 00:00:00+00:00,-296
1585,2018-04-23 00:00:00+00:00,-132
1586,2018-04-24 00:00:00+00:00,-163
1587,2018-04-25 00:00:00+00:00,-2
1588,2018-04-26 00:00:00+00:00,257
1589,2018-04-27 00:00:00+00:00,-18
1590,2018-04-30 00:00:00+00:00,-82
1591,2018-05-01 00:00:00+00:00,106
1592,2018-05-02 00:00:00+00:00,-268
1593,2018-05-03 00:00:00+00:00,-533
1594,2018-05-04 00:00:00+00:00,75
1595,2018-05-07 00:00:00+00:00,-182
1596,2018-05-08 00:00:00+00:00,-42
1597,2018-05-09 00:00:00+00:00,66
1598,2018-05-10 00:00:00+00:00,-2
1599,2018-05-11 00:00:00+00:00,-15
1600,2018-05-14 00:00:00+00:00,-221
1601,2018-05-15 00:00:00+00:00,-210
1602,2018-05-16 00:00:00+00:00,-78
1603,2018-05-17 00:00:00+00:00,-97
1604,2018-05-18 00:00:00+00:00,-125
1605,2018-05-21 00:00:00+00:00,-280
1606,2018-05-22 00:00:00+00:00,-135
1607,2018-05-23 00:00:00+00:00,-113
1608,2018-05-24 00:00:00+00:00,-59
1609,2018-05-25 00:00:00+00:00,-63
1610,2018-05-29 00:00:00+00:00,-274
1611,2018-05-30 00:00:00+00:00,-68
1612,2018-05-31 00:00:00+00:00,7
1613,2018-06-01 00:00:00+00:00,70
1614,2018-06-04 00:00:00+00:00,49
1615,2018-06-05 00:00:00+00:00,-45
1616,2018-06-06 00:00:00+00:00,49
1617,2018-06-07 00:00:00+00:00,-87
1618,2018-06-08 00:00:00+00:00,-38
1619,2018-06-11 00:00:00+00:00,-172
1620,2018-06-12 00:00:00+00:00,-164
1621,2018-06-13 00:00:00+00:00,-91
1622,2018-06-14 00:00:00+00:00,-20
1623,2018-06-15 00:00:00+00:00,-46
1624,2018-06-18 00:00:00+00:00,-356
1625,2018-06-19 00:00:00+00:00,-205
1626,2018-06-20 00:00:00+00:00,-102
1627,2018-06-21 00:00:00+00:00,-134
1628,2018-06-22 00:00:00+00:00,-350
1629,2018-06-25 00:00:00+00:00,-417
1630,2018-06-26 00:00:00+00:00,-116
1631,2018-06-27 00:00:00+00:00,-197
1632,2018-06-28 00:00:00+00:00,-157
1633,2018-06-29 00:00:00+00:00,-157
1634,2018-07-02 00:00:00+00:00,-341
1635,2018-07-03 00:00:00+00:00,-291
1636,2018-07-05 00:00:00+00:00,-356
1637,2018-07-06 00:00:00+00:00,-113
1638,2018-07-09 00:00:00+00:00,-254
1639,2018-07-10 00:00:00+00:00,-78
1640,2018-07-11 00:00:00+00:00,-172
1641,2018-07-12 00:00:00+00:00,-14
1642,2018-07-13 00:00:00+00:00,-15
1643,2018-07-16 00:00:00+00:00,-719
1644,2018-07-17 00:00:00+00:00,-20
1645,2018-07-18 00:00:00+00:00,-108
1646,2018-07-19 00:00:00+00:00,93
1647,2018-07-20 00:00:00+00:00,-95
1648,2018-07-23 00:00:00+00:00,-509
1649,2018-07-24 00:00:00+00:00,-233
1650,2018-07-25 00:00:00+00:00,-59
1651,2018-07-26 00:00:00+00:00,-40
1652,2018-07-27 00:00:00+00:00,-216
1653,2018-07-30 00:00:00+00:00,-467
1654,2018-07-31 00:00:00+00:00,-22
1655,2018-08-01 00:00:00+00:00,98
1656,2018-08-02 00:00:00+00:00,388
1657,2018-08-03 00:00:00+00:00,70
1658,2018-08-06 00:00:00+00:00,-66
1659,2018-08-07 00:00:00+00:00,-420
1660,2018-08-08 00:00:00+00:00,-570
1661,2018-08-09 00:00:00+00:00,-221
1662,2018-08-10 00:00:00+00:00,-415
1663,2018-08-13 00:00:00+00:00,-803
1664,2018-08-14 00:00:00+00:00,-410
1665,2018-08-15 00:00:00+00:00,-508
1666,2018-08-16 00:00:00+00:00,-374
1667,2018-08-17 00:00:00+00:00,-855
1668,2018-08-20 00:00:00+00:00,-1055
1669,2018-08-21 00:00:00+00:00,-272
1670,2018-08-22 00:00:00+00:00,-98
1671,2018-08-23 00:00:00+00:00,-191
1672,2018-08-24 00:00:00+00:00,-195
1673,2018-08-27 00:00:00+00:00,-1057
1674,2018-08-28 00:00:00+00:00,-312
1675,2018-08-29 00:00:00+00:00,-177
1676,2018-08-30 00:00:00+00:00,-192
1677,2018-08-31 00:00:00+00:00,-181
1678,2018-09-04 00:00:00+00:00,-513
1679,2018-09-05 00:00:00+00:00,-418
1680,2018-09-06 00:00:00+00:00,-381
1681,2018-09-07 00:00:00+00:00,-546
1682,2018-09-10 00:00:00+00:00,-536
1683,2018-09-11 00:00:00+00:00,-202
1684,2018-09-12 00:00:00+00:00,-207
1685,2018-09-13 00:00:00+00:00,-84
1686,2018-09-14 00:00:00+00:00,-168
1687,2018-09-17 00:00:00+00:00,-640
1688,2018-09-18 00:00:00+00:00,-653
1689,2018-09-19 00:00:00+00:00,-224
1690,2018-09-20 00:00:00+00:00,-59
1691,2018-09-21 00:00:00+00:00,-142
1692,2018-09-24 00:00:00+00:00,-457
1693,2018-09-25 00:00:00+00:00,-82
1694,2018-09-26 00:00:00+00:00,53
1695,2018-09-27 00:00:00+00:00,-855
1696,2018-09-28 00:00:00+00:00,-985
1697,2018-10-01 00:00:00+00:00,-359
1698,2018-10-02 00:00:00+00:00,-141
1699,2018-10-03 00:00:00+00:00,-185
1700,2018-10-04 00:00:00+00:00,-714
1701,2018-10-05 00:00:00+00:00,-791
1702,2018-10-08 00:00:00+00:00,-737
1703,2018-10-09 00:00:00+00:00,-247
1704,2018-10-10 00:00:00+00:00,-470
1705,2018-10-11 00:00:00+00:00,-263
1706,2018-10-12 00:00:00+00:00,-136
1707,2018-10-15 00:00:00+00:00,-447
1708,2018-10-16 00:00:00+00:00,-35
1709,2018-10-17 00:00:00+00:00,-212
1710,2018-10-18 00:00:00+00:00,-230
1711,2018-10-19 00:00:00+00:00,-421
1712,2018-10-22 00:00:00+00:00,-311
1713,2018-10-23 00:00:00+00:00,27
1714,2018-10-24 00:00:00+00:00,132
1715,2018-10-25 00:00:00+00:00,-195
1716,2018-10-26 00:00:00+00:00,-463
1717,2018-10-29 00:00:00+00:00,-713
1718,2018-10-30 00:00:00+00:00,-173
1719,2018-10-31 00:00:00+00:00,34
1720,2018-11-01 00:00:00+00:00,-401
1721,2018-11-02 00:00:00+00:00,-398
1722,2018-11-05 00:00:00+00:00,-547
1723,2018-11-06 00:00:00+00:00,-62
1724,2018-11-07 00:00:00+00:00,98
1725,2018-11-08 00:00:00+00:00,-41
1726,2018-11-09 00:00:00+00:00,-164
1727,2018-11-12 00:00:00+00:00,-417
1728,2018-11-13 00:00:00+00:00,-243
1729,2018-11-14 00:00:00+00:00,-292
1730,2018-11-15 00:00:00+00:00,-174
1731,2018-11-16 00:00:00+00:00,-20
1732,2018-11-19 00:00:00+00:00,-603
1733,2018-11-20 00:00:00+00:00,-467
1734,2018-11-21 00:00:00+00:00,-250
1735,2018-11-23 00:00:00+00:00,-320
1736,2018-11-26 00:00:00+00:00,-484
1737,2018-11-27 00:00:00+00:00,-242
1738,2018-11-28 00:00:00+00:00,43
1739,2018-11-29 00:00:00+00:00,31
1740,2018-11-30 00:00:00+00:00,-91
1741,2018-12-03 00:00:00+00:00,-4
1742,2018-12-04 00:00:00+00:00,-230
1743,2018-12-06 00:00:00+00:00,-122
1744,2018-12-07 00:00:00+00:00,-137
1745,2018-12-10 00:00:00+00:00,-541
1746,2018-12-11 00:00:00+00:00,-221
1747,2018-12-12 00:00:00+00:00,-83
1748,2018-12-13 00:00:00+00:00,-42
1749,2018-12-14 00:00:00+00:00,-204
1750,2018-12-17 00:00:00+00:00,-497
1751,2018-12-18 00:00:00+00:00,-248
1752,2018-12-19 00:00:00+00:00,-394
1753,2018-12-20 00:00:00+00:00,-429
1754,2018-12-21 00:00:00+00:00,-314
1755,2018-12-24 00:00:00+00:00,-498
1756,2018-12-26 00:00:00+00:00,-79
1757,2018-12-27 00:00:00+00:00,-164
1758,2018-12-28 00:00:00+00:00,-23
1759,2018-12-31 00:00:00+00:00,-316
1760,2019-01-02 00:00:00+00:00,-974
1761,2019-01-03 00:00:00+00:00,-1538
1762,2019-01-04 00:00:00+00:00,-148
1763,2019-01-07 00:00:00+00:00,-249
1764,2019-01-08 00:00:00+00:00,-80
1765,2019-01-09 00:00:00+00:00,-117
1766,2019-01-10 00:00:00+00:00,-140
1767,2019-01-11 00:00:00+00:00,-182
1768,2019-01-14 00:00:00+00:00,-539
1769,2019-01-15 00:00:00+00:00,-35
1770,2019-01-16 00:00:00+00:00,-127
1771,2019-01-17 00:00:00+00:00,-140
1772,2019-01-18 00:00:00+00:00,-644
1773,2019-01-22 00:00:00+00:00,-800
1774,2019-01-23 00:00:00+00:00,-415
1775,2019-01-24 00:00:00+00:00,-222
1776,2019-01-25 00:00:00+00:00,-65
1777,2019-01-28 00:00:00+00:00,-470
1778,2019-01-29 00:00:00+00:00,-183
1779,2019-01-30 00:00:00+00:00,-302
1780,2019-01-31 00:00:00+00:00,-10
1781,2019-02-01 00:00:00+00:00,-295
1782,2019-02-04 00:00:00+00:00,-314
1783,2019-02-05 00:00:00+00:00,48
1784,2019-02-06 00:00:00+00:00,-130
1785,2019-02-07 00:00:00+00:00,-270
1786,2019-02-08 00:00:00+00:00,-248
1787,2019-02-11 00:00:00+00:00,-399
1788,2019-02-12 00:00:00+00:00,-109
1789,2019-02-13 00:00:00+00:00,-124
1790,2019-02-14 00:00:00+00:00,-369
1791,2019-02-15 00:00:00+00:00,-168
1792,2019-02-19 00:00:00+00:00,-363
1793,2019-02-20 00:00:00+00:00,-309
1794,2019-02-21 00:00:00+00:00,-313
1795,2019-02-22 00:00:00+00:00,-116
1796,2019-02-25 00:00:00+00:00,-288
1797,2019-02-26 00:00:00+00:00,-460
1798,2019-02-27 00:00:00+00:00,-96
1799,2019-02-28 00:00:00+00:00,-397
1800,2019-03-01 00:00:00+00:00,-574
1801,2019-03-04 00:00:00+00:00,-965
1802,2019-03-05 00:00:00+00:00,-448
1803,2019-03-06 00:00:00+00:00,-342
1804,2019-03-07 00:00:00+00:00,-363
1805,2019-03-08 00:00:00+00:00,-284
1806,2019-03-11 00:00:00+00:00,-405
1807,2019-03-12 00:00:00+00:00,-3
1808,2019-03-13 00:00:00+00:00,-213
1809,2019-03-14 00:00:00+00:00,-198
1810,2019-03-15 00:00:00+00:00,-490
1811,2019-03-18 00:00:00+00:00,-440
1812,2019-03-19 00:00:00+00:00,-304
1813,2019-03-20 00:00:00+00:00,-91
1814,2019-03-21 00:00:00+00:00,28
1815,2019-03-22 00:00:00+00:00,-238
1816,2019-03-25 00:00:00+00:00,-635
1817,2019-03-26 00:00:00+00:00,-293
1818,2019-03-27 00:00:00+00:00,-162
1819,2019-03-28 00:00:00+00:00,-142
1820,2019-03-29 00:00:00+00:00,-145
1821,2019-04-01 00:00:00+00:00,-172
1822,2019-04-02 00:00:00+00:00,-117
1823,2019-04-03 00:00:00+00:00,-55
1824,2019-04-04 00:00:00+00:00,-1014
1825,2019-04-05 00:00:00+00:00,-261
1826,2019-04-08 00:00:00+00:00,-381
1827,2019-04-09 00:00:00+00:00,-111
1828,2019-04-10 00:00:00+00:00,-197
1829,2019-04-11 00:00:00+00:00,-403
1830,2019-04-12 00:00:00+00:00,-400
1831,2019-04-15 00:00:00+00:00,-647
1832,2019-04-16 00:00:00+00:00,-92
1833,2019-04-17 00:00:00+00:00,57
1834,2019-04-18 00:00:00+00:00,-98
1835,2019-04-22 00:00:00+00:00,-1061
1836,2019-04-23 00:00:00+00:00,-136
1837,2019-04-24 00:00:00+00:00,-473
1838,2019-04-25 00:00:00+00:00,-714
1839,2019-04-26 00:00:00+00:00,-543
1840,2019-04-29 00:00:00+00:00,-934
1841,2019-04-30 00:00:00+00:00,-38
1842,2019-05-01 00:00:00+00:00,-256
1843,2019-05-02 00:00:00+00:00,-390
1844,2019-05-03 00:00:00+00:00,-54
1845,2019-05-06 00:00:00+00:00,-402
1846,2019-05-07 00:00:00+00:00,-158
1847,2019-05-08 00:00:00+00:00,-132
1848,2019-05-09 00:00:00+00:00,-164
1849,2019-05-10 00:00:00+00:00,-220
1850,2019-05-13 00:00:00+00:00,-652
1851,2019-05-14 00:00:00+00:00,-229
1852,2019-05-15 00:00:00+00:00,-57
1853,2019-05-16 00:00:00+00:00,-159
1854,2019-05-17 00:00:00+00:00,-609
1855,2019-05-20 00:00:00+00:00,-625
1856,2019-05-21 00:00:00+00:00,-559
1857,2019-05-22 00:00:00+00:00,-907
1858,2019-05-23 00:00:00+00:00,-641
1859,2019-05-24 00:00:00+00:00,-380
1860,2019-05-28 00:00:00+00:00,-823
1861,2019-05-29 00:00:00+00:00,-268
1862,2019-05-30 00:00:00+00:00,-328
1863,2019-05-31 00:00:00+00:00,-352
1864,2019-06-03 00:00:00+00:00,-1050
1865,2019-06-04 00:00:00+00:00,-61
1866,2019-06-05 00:00:00+00:00,-157
1867,2019-06-06 00:00:00+00:00,-81
1868,2019-06-07 00:00:00+00:00,-10
1869,2019-06-10 00:00:00+00:00,-61
1870,2019-06-11 00:00:00+00:00,-136
1871,2019-06-12 00:00:00+00:00,-354
1872,2019-06-13 00:00:00+00:00,-158
1873,2019-06-14 00:00:00+00:00,-229
1874,2019-06-17 00:00:00+00:00,-125
1875,2019-06-18 00:00:00+00:00,10
1876,2019-06-19 00:00:00+00:00,-63
1877,2019-06-20 00:00:00+00:00,-197
1878,2019-06-21 00:00:00+00:00,-168
1879,2019-06-24 00:00:00+00:00,-122
1880,2019-06-25 00:00:00+00:00,-160
1881,2019-06-26 00:00:00+00:00,-54
1882,2019-06-27 00:00:00+00:00,-230
1883,2019-06-28 00:00:00+00:00,-154
1884,2019-07-01 00:00:00+00:00,-191
1885,2019-07-02 00:00:00+00:00,-323
1886,2019-07-03 00:00:00+00:00,-269
1887,2019-07-05 00:00:00+00:00,-331
1888,2019-07-08 00:00:00+00:00,-491
1889,2019-07-09 00:00:00+00:00,-79
1890,2019-07-10 00:00:00+00:00,-417
1891,2019-07-11 00:00:00+00:00,-184
1892,2019-07-12 00:00:00+00:00,-150
1893,2019-07-15 00:00:00+00:00,-7
1894,2019-07-16 00:00:00+00:00,-167
1895,2019-07-17 00:00:00+00:00,-107
1896,2019-07-18 00:00:00+00:00,-237
1897,2019-07-19 00:00:00+00:00,-115
1898,2019-07-22 00:00:00+00:00,-162
1899,2019-07-23 00:00:00+00:00,-121
1900,2019-07-24 00:00:00+00:00,-504
1901,2019-07-25 00:00:00+00:00,-285
1902,2019-07-26 00:00:00+00:00,47
1903,2019-07-29 00:00:00+00:00,-86
1904,2019-07-30 00:00:00+00:00,-81
1905,2019-07-31 00:00:00+00:00,-253
1906,2019-08-01 00:00:00+00:00,-76
1907,2019-08-02 00:00:00+00:00,-219
1908,2019-08-05 00:00:00+00:00,-221
1909,2019-08-06 00:00:00+00:00,-116
1910,2019-08-07 00:00:00+00:00,-20
1911,2019-08-08 00:00:00+00:00,-91
1912,2019-08-09 00:00:00+00:00,131
1913,2019-08-12 00:00:00+00:00,-83
1914,2019-08-13 00:00:00+00:00,-211
1915,2019-08-14 00:00:00+00:00,-128
1916,2019-08-15 00:00:00+00:00,-73
1917,2019-08-16 00:00:00+00:00,27
1918,2019-08-19 00:00:00+00:00,-63
1919,2019-08-20 00:00:00+00:00,42
1920,2019-08-21 00:00:00+00:00,-143
1921,2019-08-22 00:00:00+00:00,43
1922,2019-08-23 00:00:00+00:00,-188
1923,2019-08-26 00:00:00+00:00,-146
1924,2019-08-27 00:00:00+00:00,-77
1925,2019-08-28 00:00:00+00:00,-27
1926,2019-08-29 00:00:00+00:00,-17
1927,2019-08-30 00:00:00+00:00,-176
1928,2019-09-03 00:00:00+00:00,-334
1929,2019-09-04 00:00:00+00:00,-96
1930,2019-09-05 00:00:00+00:00,-244
1931,2019-09-06 00:00:00+00:00,-178
1932,2019-09-09 00:00:00+00:00,-398
1933,2019-09-10 00:00:00+00:00,-220
1934,2019-09-11 00:00:00+00:00,-5
1935,2019-09-12 00:00:00+00:00,70
1936,2019-09-13 00:00:00+00:00,134
1937,2019-09-16 00:00:00+00:00,-87
1938,2019-09-17 00:00:00+00:00,-112
1939,2019-09-18 00:00:00+00:00,104
1940,2019-09-19 00:00:00+00:00,-30
1941,2019-09-20 00:00:00+00:00,-95
1942,2019-09-23 00:00:00+00:00,125
1943,2019-09-24 00:00:00+00:00,-135
1944,2019-09-25 00:00:00+00:00,-169
1945,2019-09-26 00:00:00+00:00,67
1946,2019-09-27 00:00:00+00:00,95
1947,2019-09-30 00:00:00+00:00,198
1948,2019-10-01 00:00:00+00:00,16
1949,2019-10-02 00:00:00+00:00,81
1950,2019-10-03 00:00:00+00:00,-138
1951,2019-10-04 00:00:00+00:00,87
1952,2019-10-07 00:00:00+00:00,199
1953,2019-10-08 00:00:00+00:00,-92
1954,2019-10-09 00:00:00+00:00,-79
1955,2019-10-10 00:00:00+00:00,93
1956,2019-10-11 00:00:00+00:00,-194
1957,2019-10-14 00:00:00+00:00,-20
1958,2019-10-15 00:00:00+00:00,-65
1959,2019-10-16 00:00:00+00:00,-203
1960,2019-10-17 00:00:00+00:00,-82
1961,2019-10-18 00:00:00+00:00,32
1962,2019-10-21 00:00:00+00:00,-321
1963,2019-10-22 00:00:00+00:00,-227
1964,2019-10-23 00:00:00+00:00,-300
1965,2019-10-24 00:00:00+00:00,-444
1966,2019-10-25 00:00:00+00:00,-627
1967,2019-10-28 00:00:00+00:00,-386
1968,2019-10-29 00:00:00+00:00,-407
1969,2019-10-30 00:00:00+00:00,-292
1970,2019-10-31 00:00:00+00:00,-81
1971,2019-11-01 00:00:00+00:00,-10
1972,2019-11-04 00:00:00+00:00,-232
1973,2019-11-05 00:00:00+00:00,-184
1974,2019-11-06 00:00:00+00:00,-222
1975,2019-11-07 00:00:00+00:00,66
1976,2019-11-08 00:00:00+00:00,-71
1977,2019-11-11 00:00:00+00:00,21
1978,2019-11-12 00:00:00+00:00,17
1979,2019-11-13 00:00:00+00:00,-22
1980,2019-11-14 00:00:00+00:00,-108
1981,2019-11-15 00:00:00+00:00,3
1982,2019-11-18 00:00:00+00:00,-74
1983,2019-11-19 00:00:00+00:00,-32
1984,2019-11-20 00:00:00+00:00,-97
1985,2019-11-21 00:00:00+00:00,-95
1986,2019-11-22 00:00:00+00:00,-639
1987,2019-11-25 00:00:00+00:00,-173
1988,2019-11-26 00:00:00+00:00,280
1989,2019-11-27 00:00:00+00:00,166
1990,2019-11-29 00:00:00+00:00,84
1991,2019-12-02 00:00:00+00:00,-208
1992,2019-12-03 00:00:00+00:00,104
1993,2019-12-04 00:00:00+00:00,64
1994,2019-12-05 00:00:00+00:00,228
1995,2019-12-06 00:00:00+00:00,301
1996,2019-12-09 00:00:00+00:00,235
1997,2019-12-10 00:00:00+00:00,79
1998,2019-12-11 00:00:00+00:00,112
1999,2019-12-12 00:00:00+00:00,125
2000,2019-12-13 00:00:00+00:00,81
2001,2019-12-16 00:00:00+00:00,113
2002,2019-12-17 00:00:00+00:00,-17
2003,2019-12-18 00:00:00+00:00,111
2004,2019-12-19 00:00:00+00:00,50
2005,2019-12-20 00:00:00+00:00,-47
2006,2019-12-23 00:00:00+00:00,-225
2007,2019-12-24 00:00:00+00:00,56
2008,2019-12-26 00:00:00+00:00,-46
2009,2019-12-27 00:00:00+00:00,18
2010,2019-12-30 00:00:00+00:00,-249
2011,2019-12-31 00:00:00+00:00,-184
2012,2020-01-02 00:00:00+00:00,-5
2013,2020-01-03 00:00:00+00:00,2
2014,2020-01-06 00:00:00+00:00,-10
2015,2020-01-07 00:00:00+00:00,-4
2016,2020-01-08 00:00:00+00:00,9
2017,2020-01-09 00:00:00+00:00,53
2018,2020-01-10 00:00:00+00:00,44
2019,2020-01-13 00:00:00+00:00,34
2020,2020-01-14 00:00:00+00:00,17
2021,2020-01-15 00:00:00+00:00,9
2022,2020-01-16 00:00:00+00:00,46
2023,2020-01-17 00:00:00+00:00,36
2024,2020-01-21 00:00:00+00:00,-39
2025,2020-01-22 00:00:00+00:00,-13
2026,2020-01-23 00:00:00+00:00,-41
2027,2020-01-24 00:00:00+00:00,-30
2028,2020-01-27 00:00:00+00:00,-38
2029,2020-01-28 00:00:00+00:00,-24
2030,2020-01-29 00:00:00+00:00,-10
2031,2020-01-30 00:00:00+00:00,18
2032,2020-01-31 00:00:00+00:00,36
2033,2020-02-03 00:00:00+00:00,2
2034,2020-02-04 00:00:00+00:00,51
2035,2020-02-05 00:00:00+00:00,46
2036,2020-02-06 00:00:00+00:00,74
2037,2020-02-07 00:00:00+00:00,51
2038,2020-02-10 00:00:00+00:00,33
2039,2020-02-11 00:00:00+00:00,-12
2040,2020-02-12 00:00:00+00:00,52
2041,2020-02-13 00:00:00+00:00,121
2042,2020-02-14 00:00:00+00:00,21
2043,2020-02-18 00:00:00+00:00,32
2044,2020-02-19 00:00:00+00:00,19
2045,2020-02-20 00:00:00+00:00,3
2046,2020-02-21 00:00:00+00:00,41
2047,2020-02-24 00:00:00+00:00,21
2048,2020-02-25 00:00:00+00:00,35
2049,2020-02-26 00:00:00+00:00,2
2050,2020-02-27 00:00:00+00:00,29
2051,2020-02-28 00:00:00+00:00,45
2052,2020-03-02 00:00:00+00:00,-22
2053,2020-03-03 00:00:00+00:00,17
2054,2020-03-04 00:00:00+00:00,1
2055,2020-03-05 00:00:00+00:00,7
2056,2020-03-06 00:00:00+00:00,76
2057,2020-03-09 00:00:00+00:00,6
2058,2020-03-10 00:00:00+00:00,10
2059,2020-03-11 00:00:00+00:00,69
2060,2020-03-12 00:00:00+00:00,126
2061,2020-03-13 00:00:00+00:00,48
2062,2020-03-16 00:00:00+00:00,60
2063,2020-03-17 00:00:00+00:00,45
2064,2020-03-18 00:00:00+00:00,5
2065,2020-03-19 00:00:00+00:00,64
2066,2020-03-20 00:00:00+00:00,19
2067,2020-03-23 00:00:00+00:00,20
2068,2020-03-24 00:00:00+00:00,22
2069,2020-03-25 00:00:00+00:00,21
2070,2020-03-26 00:00:00+00:00,23
2071,2020-03-27 00:00:00+00:00,20
2072,2020-03-30 00:00:00+00:00,17
2073,2020-03-31 00:00:00+00:00,28
2074,2020-04-01 00:00:00+00:00,-5
2075,2020-04-02 00:00:00+00:00,-3
2076,2020-04-03 00:00:00+00:00,-18
2077,2020-04-06 00:00:00+00:00,17
2078,2020-04-07 00:00:00+00:00,7
2079,2020-04-08 00:00:00+00:00,16
2080,2020-04-09 00:00:00+00:00,213
2081,2020-04-13 00:00:00+00:00,980
2082,2020-04-14 00:00:00+00:00,742
2083,2020-04-15 00:00:00+00:00,427
2084,2020-04-16 00:00:00+00:00,338
2085,2020-04-17 00:00:00+00:00,71
2086,2020-04-20 00:00:00+00:00,328
2087,2020-04-21 00:00:00+00:00,197
2088,2020-04-22 00:00:00+00:00,433
2089,2020-04-23 00:00:00+00:00,371
2090,2020-04-24 00:00:00+00:00,253
2091,2020-04-27 00:00:00+00:00,490
2092,2020-04-28 00:00:00+00:00,221
2093,2020-04-29 00:00:00+00:00,608
2094,2020-04-30 00:00:00+00:00,113
2095,2020-05-01 00:00:00+00:00,17
2096,2020-05-04 00:00:00+00:00,250
2097,2020-05-05 00:00:00+00:00,579
2098,2020-05-06 00:00:00+00:00,416
2099,2020-05-07 00:00:00+00:00,376
2100,2020-05-08 00:00:00+00:00,636
2101,2020-05-11 00:00:00+00:00,217
2102,2020-05-12 00:00:00+00:00,5
2103,2020-05-13 00:00:00+00:00,-12
2104,2020-05-14 00:00:00+00:00,42
2105,2020-05-15 00:00:00+00:00,54
2106,2020-05-18 00:00:00+00:00,58
2107,2020-05-19 00:00:00+00:00,17
2108,2020-05-20 00:00:00+00:00,56
2109,2020-05-21 00:00:00+00:00,32
2110,2020-05-22 00:00:00+00:00,18
2111,2020-05-26 00:00:00+00:00,45
2112,2020-05-27 00:00:00+00:00,43
2113,2020-05-28 00:00:00+00:00,400
2114,2020-05-29 00:00:00+00:00,358
2115,2020-06-01 00:00:00+00:00,601
2116,2020-06-02 00:00:00+00:00,314
2117,2020-06-03 00:00:00+00:00,482
2118,2020-06-04 00:00:00+00:00,356
2119,2020-06-05 00:00:00+00:00,897
2120,2020-06-08 00:00:00+00:00,1259
2121,2020-06-09 00:00:00+00:00,1131
2122,2020-06-10 00:00:00+00:00,937
2123,2020-06-11 00:00:00+00:00,106
2124,2020-06-15 00:00:00+00:00,561
2125,2020-06-16 00:00:00+00:00,691
2126,2020-06-17 00:00:00+00:00,474
2127,2020-06-18 00:00:00+00:00,382
2128,2020-06-19 00:00:00+00:00,151
2129,2020-06-22 00:00:00+00:00,745
2130,2020-06-23 00:00:00+00:00,1085
2131,2020-06-24 00:00:00+00:00,284
2132,2020-06-25 00:00:00+00:00,311
2133,2020-06-26 00:00:00+00:00,220
2134,2020-06-29 00:00:00+00:00,783
2135,2020-06-30 00:00:00+00:00,813
2136,2020-07-01 00:00:00+00:00,931
2137,2020-07-02 00:00:00+00:00,856
2138,2020-07-06 00:00:00+00:00,1680
2139,2020-07-07 00:00:00+00:00,848
2140,2020-07-08 00:00:00+00:00,872
2141,2020-07-09 00:00:00+00:00,966
2142,2020-07-10 00:00:00+00:00,935
2143,2020-07-13 00:00:00+00:00,1633
2144,2020-07-14 00:00:00+00:00,650
2145,2020-07-15 00:00:00+00:00,903
2146,2020-07-16 00:00:00+00:00,488
